timestamp,e_lat_px,e_psi_deg,kappa,steer,throttle
1786089406.0284681,44.6171091163,-5.14737618018087,-0.000343191820776,0.29691944943662246,0.25
1786089406.1127093,31.9577904725,-15.637418269767439,-0.00111751266001,-0.2851436557289439,0.25
1786089406.1909842,46.1697560206,-4.632804122136882,-0.000409765644272,-0.15565094117646888,0.25
1786089406.268064,42.6220653401,-3.4772305601096427,-0.000236993415803,-0.08671102550379334,0.25
1786089406.3566163,49.8385589019,-0.3291485015597421,-6.09790271304e-05,0.02362398232454151,0.25
1786089406.4345098,52.4284983627,-7.839886658864485,-0.000800989566887,-0.14706719586285386,0.25
1786089406.5202994,41.08601511,-11.558288518853178,-0.000975222535574,-0.30610822181818426,0.25
1786089406.610487,51.6261426573,-5.110270021905501,-0.0007357635952,-0.18047035822801002,0.25
1786089406.707229,41.3494391239,-15.351551834257336,-0.00163852582367,-0.4326482105012077,0.25
1786089406.7949932,15.586128706,-22.653779943344617,-0.00228980013567,-0.7374153245212429,0.25
1786089406.874925,12.4790569169,-25.927214086883364,-0.00271118674248,-0.9212245973563729,0.25
1786089406.9535704,28.8240980152,-15.991191676720586,-0.00208479252226,-0.7038787076775511,0.25
1786089407.0251217,34.1391069338,-5.37351281308742,-0.00137601213898,-0.3543109015132637,0.25
1786089407.1047025,25.9243554762,-12.23653344130167,-0.00190114926525,-0.4418582238472496,0.25
1786089407.1818073,20.0300593226,-8.713208960889993,-0.00171746564415,-0.3851686867005405,0.25
1786089407.2674232,29.1212781413,1.7488540701911044,-0.00110086771994,-0.08678956563910531,0.25
1786089407.3401415,15.1388459928,-7.022809597577248,-0.00156525462871,-0.23859532860936,0.25
1786089407.4187346,22.1208164021,8.986880663473798,-0.000354951732158,0.14954330235005703,0.25
1786089407.4930258,28.5920603823,20.852420462730315,0.000762506549547,0.5984283756701773,0.25
1786089407.5694726,16.5975452167,13.721582726913494,0.00050994038861,0.5414813928249674,0.25
1786089407.6453354,22.644359085,20.90758585481848,0.00121963718019,0.7296809124625534,0.25
1786089407.7205486,21.6846175688,12.556382153022904,0.000505545222425,0.5596001578481705,0.25
1786089407.7955718,34.4576253003,16.760054323570674,0.00069021363474,0.6299176296136482,0.25
1786089407.8761966,51.0731953924,27.80133508243584,0.0015375941921,0.8889752888840944,0.25
1786089407.951029,51.3699411417,33.162936162254866,0.00243099203092,0.9666925866652283,0.25
1786089408.0219731,41.0461453984,30.50224667760608,0.0022417388723,0.9900077759995685,0.25
1786089408.0945966,35.2161414943,21.56870264688657,0.00125973568338,0.8964937412329881,0.25
1786089408.1726122,35.3735467138,23.58512330105892,0.00149782781543,0.9258444919105472,0.25
1786089408.250692,33.4541990625,22.72491200467108,0.00142860023384,0.9093158183860042,0.25
1786089408.3273702,31.8660713014,31.020945659939372,0.00271148008785,0.9727947455158013,0.25
1786089408.4065945,29.0135287658,28.557566239453493,0.00247198010642,0.9918384236547404,0.25
1786089408.4893565,29.2030732459,24.050536757990937,0.00194823747406,0.9770996215704413,0.25
1786089408.564817,25.1602380228,23.70028116599143,0.00197096612164,0.9606124222054558,0.25
1786089408.6527195,14.4090967851,10.799443990617588,0.000903071426288,0.5961303832382183,0.25
1786089408.7290933,7.64971258501,9.395193095972491,0.000411873642889,0.42488364677295837,0.25
1786089408.8077855,3.3148435723,3.508257738995746,7.01063345499e-05,0.21631209037739807,0.25
1786089408.8880787,1.13153732465,2.7252940017206435,6.50263120537e-05,0.13262717539298838,0.25
1786089408.971935,-4.79359388736,-3.406297982152667,-0.00040801194253,-0.0629139099482561,0.25
1786089409.055918,-9.47110198362,-3.1971964069492276,-0.000293804561513,-0.11743972225555198,0.25
1786089409.1445224,-11.2690688966,1.7704909888141978,0.000279005679427,0.004456715410340983,0.25
1786089409.224139,1.88489237191,7.807125249055155,0.000665111187807,0.21422091799439255,0.25
1786089409.3034081,6.14925395084,7.453128425071043,0.000671260043717,0.2742840409147313,0.25
1786089409.3807259,30.4963166602,23.76805724342209,0.00187198162663,0.7535468954015035,0.25
1786089409.4618044,38.3786339185,28.34405603373763,0.00245221674706,0.926064068620451,0.25
1786089409.5452626,52.9234617987,37.37690553261267,0.00334173848863,0.9778192205861352,0.25
1786089409.6261258,46.4079345041,32.615014057236024,0.00274998525297,0.9933457661758405,0.25
1786089409.7056284,45.1514617259,31.130864503774013,0.00259221777608,0.9980037298527521,0.25
1786089409.7853591,38.356145248,28.260671641894426,0.00240300023449,0.9994011189558256,0.25
1786089409.8671603,26.1504615564,21.328735224579393,0.00176470337651,0.904364960977251,0.25
1786089409.9447787,30.1625306023,28.79529571976255,0.00242829879416,0.9713094882931752,0.25
1786089410.022462,30.7288294776,28.25059552918471,0.00221522549819,0.9913928464879525,0.25
1786089410.1027665,25.4575530266,27.84893196560905,0.00229006172687,0.9974178539463856,0.25
1786089410.1905127,26.619658184,27.326772352757825,0.0019467917916,0.9992253561839156,0.25
1786089410.274042,23.4377988396,22.095764409922875,0.00137791959584,0.9024422986142242,0.25
1786089410.3565085,12.2427173463,18.651468927607343,0.00126783087648,0.7748727635437331,0.25
1786089410.4367757,7.44917664333,14.793212867019765,0.000929599956322,0.6263569465245495,0.25
1786089410.5171163,2.07330721337,13.558943301596447,0.00094211234078,0.5470692131680893,0.25
1786089410.609702,4.104249676,19.151964934815307,0.00126510603455,0.6700309749653723,0.25
1786089410.6865287,5.66520260199,14.98802307317066,0.000679230005338,0.5865996694461845,0.25
1786089410.7668264,11.382118293,13.676279491133807,0.000523370730011,0.5311758550375839,0.25
1786089410.8639498,3.03779146579,8.200369260463097,7.5168564177e-05,0.35756557081491536,0.25
1786089410.9571924,-6.9285348494,1.4946898870465584,-0.000360176879173,0.11840139442269347,0.25
1786089411.0446517,1.29629433787,9.491562251096184,0.000265818284666,0.26992157712194476,0.25
1786089411.1258528,-5.81187771693,15.1575157754317,0.000885808591816,0.4655444863196733,0.25
1786089411.2077444,-4.49350275153,11.721813148896139,0.000565568971123,0.4319585946403235,0.25
1786089411.2920854,6.46179149853,22.43024748341959,0.00156349657623,0.7275668162861678,0.25
1786089411.374972,19.2928629988,15.131021131613828,0.000621402064812,0.6211188689573461,0.25
1786089411.4560895,14.489796534,7.3372923551412175,-6.07493945738e-05,0.37237354131726275,0.25
1786089411.5466456,11.9480484148,6.30898174392308,-0.000171051719964,0.26597944537552065,0.25
1786089411.6308687,8.47864994292,-2.0237809343857407,-0.00110269672198,-0.004381048492900011,0.25
1786089411.7200186,13.2941239763,0.2334283805405557,-0.00100359127289,-0.022792509544180113,0.25
1786089411.8046014,15.5133653096,-2.5747926290101013,-0.00115156555349,-0.09749427319027533,0.25
1786089411.8889458,22.9867829494,5.725590459675795,-0.00057151241969,0.107555781497884,0.25
1786089411.9738176,20.14651056,4.147881404896297,-0.000581751297802,0.12840354867985496,0.25
1786089412.055728,26.481844039,7.462840869150549,-0.000315219274602,0.2310263521222558,0.25
1786089412.1418948,37.6268908687,17.57786329124292,0.000544538867511,0.5480073352315992,0.25
1786089412.2222242,37.6830331987,16.827425900446656,0.000465760387944,0.6222895699495306,0.25
1786089412.302464,39.7111342504,19.949216158008312,0.000802530876278,0.7342545481667774,0.25
1786089412.3905828,47.1796630814,28.87815919218599,0.00164380771191,0.9202763644500331,0.25
1786089412.4666073,45.0720526862,25.792644846187827,0.00140675793668,0.9760829093350099,0.25
1786089412.541343,56.0617486759,36.94475865029821,0.0025081562014,0.9928248728005029,0.25
1786089412.6206264,61.2017586647,38.74362642179444,0.00268762483658,0.9978474618401508,0.25
1786089412.70322,61.9265671309,39.59580941490935,0.00285125144246,0.9993542385520452,0.25
1786089412.7865124,59.0587524326,41.89934208996277,0.00329336017776,0.9998062715656135,0.25
1786089412.8720694,58.7155984159,39.38291531330744,0.00288099664004,0.999941881469684,0.25
1786089412.95034,57.0311730576,42.784277598247236,0.00332570906988,0.9999825644409052,0.25
1786089413.0272298,46.8438581124,39.63668234240605,0.00301614213001,0.9999947693322715,0.25
1786089413.1060314,45.6651080829,41.77196686958148,0.00328178931021,0.9999984307996814,0.25
1786089413.1854744,37.8894463481,39.758357489539286,0.00303239454806,0.9999995292399044,0.25
1786089413.2660596,33.6443941237,36.83469580497277,0.00256390308424,0.9999998587719713,0.25
1786089413.3575394,20.4733366996,33.252036331453695,0.00218064603236,0.9999999576315913,0.25
1786089413.4355712,12.8531450935,31.162308061167828,0.00200005103993,0.9999999872894774,0.25
1786089413.5167491,14.2560177539,39.07267548734754,0.0029660848421,0.9999999961868431,0.25
1786089413.5927207,-4.08499382787,28.989863494436936,0.00197890700861,0.9999999988560528,0.25
1786089413.671099,2.8511567213,36.6339780252996,0.00281346656165,0.9999999996568159,0.25
1786089413.7510743,-8.10376789715,32.02964853304454,0.0023482551538,0.9999999998970447,0.25
1786089413.8388178,-27.0212878647,23.907895772988308,0.00177120811006,0.901037789642939,0.25
1786089413.9223108,-36.4414450806,-0.9472331162682225,-0.000430223057553,0.18597403624601053,0.25
1786089414.0029345,-50.8096793701,-14.352255840165352,-0.00139161787429,-0.3996812693028006,0.25
1786089414.07823,-53.0614990757,1.0053892367543387,-9.98028528431e-05,-0.16451066632590622,0.25
1786089414.1570475,-66.7416468057,-15.014806892093667,-0.00128070082605,-0.5346654539085642,0.25
1786089414.247038,-59.8389984168,-12.27877910426557,-0.00111386611041,-0.5664659307950729,0.25
1786089414.327056,-50.3403138541,-2.1912597215287537,-0.00024980400313,-0.2922844181226112,0.25
1786089414.407659,-41.3217188307,5.329564361430953,0.00024947183927,-0.0023522929059542896,0.25
1786089414.4874573,-15.1461956607,30.464399643860197,0.00251051486001,0.6992943121282137,0.25
1786089414.570338,-10.4485820994,30.89508599802385,0.00260062839746,0.909788293638464,0.25
1786089414.6529949,-1.41598758653,37.76200105878249,0.00348570232573,0.9729364880915392,0.25
1786089414.7397978,-3.27120757018,36.21646248206597,0.00340820882417,0.9918809464274617,0.25
1786089414.82033,-2.50281531247,35.827340138388834,0.00329932014733,0.9975642839282385,0.25
1786089414.901387,-5.24060307846,33.05577330918235,0.00298610564702,0.9992692851784715,0.25
1786089414.988966,-15.0262026422,30.671873598393447,0.00282179662997,0.9997807855535414,0.25
1786089415.0711045,-14.4921758055,32.264454126147776,0.00302290702755,0.9999342356660623,0.25
1786089415.1501443,-15.0446748852,38.280901989271555,0.00376953084603,0.9999802706998187,0.25
1786089415.2263832,-14.5025909791,37.49601798700603,0.00363957210485,0.9999940812099455,0.25
1786089415.3034885,-36.2795734611,33.5773880702716,0.00339796001954,0.9999982243629836,0.25
1786089415.3812525,-34.4410461053,27.486645036621677,0.00274617603856,0.999999467308895,0.25
1786089415.4727263,-26.5004764567,29.357921838084586,0.00291711631289,0.9999998401926684,0.25
1786089415.553834,-26.5811583014,28.27776636960674,0.00277532700903,0.9999999520578005,0.25
1786089415.630225,-23.1907624452,23.408237511882238,0.00222711695226,0.9134099906610582,0.25
1786089415.7103605,-10.6853756348,30.012538558691702,0.00281020110981,0.9740229971983174,0.25
1786089415.787444,-8.39615969049,36.98419182595811,0.00355670276666,0.9922068991594952,0.25
1786089415.8663094,-1.18227218051,40.9014164397588,0.00400202369215,0.9976620697478484,0.25
1786089415.9463658,-3.17275524078,41.45470557218602,0.00412184183139,0.9992986209243544,0.25
1786089416.021583,12.0393213552,41.784404751700485,0.0040357022212,0.9997895862773063,0.25
1786089416.1096084,14.3490020491,39.93901553986068,0.00373357817875,0.9999368758831919,0.25
1786089416.1881247,15.7990850787,27.414072297470405,0.00212958593272,0.9999810627649575,0.25
1786089416.2658145,1.06207494525,19.389706958527448,0.00149070027262,0.8174238309879064,0.25
1786089416.342956,-11.2552462871,16.00408958832475,0.0013842878924,0.6642962503174348,0.25
1786089416.415189,-19.9640778347,16.87614763001147,0.0016226581303,0.6384036356850163,0.25
1786089416.5003314,-29.3223044142,20.682947125925423,0.00210980459485,0.7289729150848523,0.25
1786089416.5698652,-25.9471627098,27.33957669841635,0.0027544430608,0.9186918745254556,0.25
1786089416.6468718,-6.59164678107,32.38288592029483,0.00311892084246,0.9756075623576366,0.25
1786089416.7224057,-0.928340596169,39.23203652524581,0.00392745525856,0.9926822687072909,0.25
1786089416.7945008,-10.1312627788,39.29035449064628,0.00400338498699,0.9978046806121872,0.25
1786089416.8737571,-18.3673246434,41.588469624114744,0.00432398928575,0.9993414041836561,0.25
1786089416.952208,-2.97270345245,44.153943801320445,0.00460320747932,0.9998024212550968,0.25
1786089417.031595,-9.24527080716,42.515069158344836,0.00437418028393,0.999940726376529,0.25
1786089417.1190584,-16.4085039979,41.815906265938075,0.00427917026898,0.9999822179129587,0.25
1786089417.206171,-32.6412518249,38.925871251767475,0.00393765109114,0.9999946653738876,0.25
1786089417.2961285,-22.3930165267,38.63144185390201,0.00372918839209,0.9999983996121662,0.25
1786089417.3788836,-39.5206415963,33.32575574916671,0.00312887172715,0.9999995198836498,0.25
1786089417.4588974,-42.4081515362,28.867816287282164,0.00255252826246,0.9999998559650949,0.25
1786089417.5444062,-58.5320347852,24.70823330758415,0.00219672569689,0.8999874809356008,0.25
1786089417.621523,-60.36410963,21.98010429745416,0.00182499138337,0.7882919946238123,0.25
1786089417.7076344,-48.570930487,25.427738759202263,0.00196663187802,0.8554209632432304,0.25
1786089417.794823,-42.1066987425,27.15554112321689,0.00200636461349,0.9253328877028246,0.25
1786089417.8741074,-78.5963184932,15.452043197655682,0.00144830548317,0.6056522474029069,0.25
1786089417.9523344,-75.8117771494,14.473041092940218,0.00136815673792,0.4868170844398771,0.25
1786089418.0273252,-131.82815766,-14.62229819566264,-0.000299127277221,-0.3658174527650111,0.25
1786089418.1056447,-122.897161919,-9.155755454720547,0.000102098432111,-0.4662843190046906,0.25
1786089418.1837437,-132.901419883,-16.11834497663554,-0.000380685824879,-0.691417652415373,0.25
1786089418.268345,-130.134935924,-16.65976468353535,-0.000439757413574,-0.7708348043030103,0.25
1786089418.355362,-107.929162594,-11.250462197807249,-0.000312257740153,-0.6365748906092091,0.25
1786089418.4331937,-69.8993851447,0.5647978692767237,-2.56699818653e-05,-0.26288508165228147,0.25
1786089418.525727,-55.475179458,10.640434838163973,0.000609133905372,0.1287742675295384,0.25
1786089418.604027,-41.346663645,15.158157343233333,0.000723314331352,0.3735352630975853,0.25
1786089418.6844149,-26.7870630344,27.443540212552506,0.00206752579445,0.8085073831233364,0.25
1786089418.7657137,-21.3488478511,31.976744312217576,0.00260849699672,0.9425522149370009,0.25
1786089418.8501868,-4.57348473677,43.217642770433166,0.00399778195361,0.9827656644811003,0.25
1786089418.9389503,15.9362547025,43.45730345880163,0.00373522982308,0.99482969934433,0.25
1786089419.0192971,14.9073169471,49.256098275713846,0.00493115174458,0.9984489098032989,0.25
1786089419.107232,-1.28164943936,45.875102459299,0.00442027497671,0.9995346729409896,0.25
1786089419.1996062,11.3338059206,40.08342329705405,0.00305047803167,0.9998604018822969,0.25
1786089419.2804372,-0.168337344988,31.647630748232114,0.00195550946821,0.999958120564689,0.25
1786089419.3742397,-3.56264195126,31.470703483665655,0.00183812930932,0.9999874361694067,0.25
1786089419.45587,-12.5889920255,23.169943220908884,0.000912283202286,0.864498837342728,0.25
1786089419.536417,-13.7378243187,27.5533610567623,0.00133032052295,0.9426106440435649,0.25
1786089419.617812,-16.7463981703,33.41376696462385,0.00204455023577,0.9827831932130694,0.25
1786089419.6974685,-24.7283979045,34.110321920352455,0.00237804683193,0.9948349579639207,0.25
1786089419.7781212,-27.0323844187,26.40938385590229,0.00162103247435,0.9514372302764681,0.25
1786089419.8587444,-23.4540473435,24.453536480829438,0.00133306019328,0.8847925928421534,0.25
1786089419.9374092,-31.6881223619,25.7360015672099,0.00186796268733,0.9076453594340997,0.25
1786089420.015941,-44.7072165184,24.01467605518725,0.00186681716288,0.8586420425085655,0.25
1786089420.1023161,-71.0138293271,5.590617699455105,0.000724054722922,0.3336819037321014,0.25
1786089420.1879115,-68.195142733,8.833578058224882,0.00105391402544,0.26934127381212186,0.25
1786089420.2682893,-48.0087371973,20.737460727578533,0.0018462623451,0.5858406780062396,0.25
1786089420.3691225,-60.7928236559,3.9665743905939643,0.000546629724551,0.2186147471566533,0.25
1786089420.447607,-84.4544018359,-12.591802809888254,-0.00046329281886,-0.34946439647851946,0.25
1786089420.522752,-95.8183305622,-16.964059040774753,-0.00069962997406,-0.6455983083842347,0.25
1786089420.5990329,-91.826306889,-14.275740853664413,-0.000542483868803,-0.6602216442269628,0.25
1786089420.669384,-81.7593347667,-13.270329971582933,-0.000638556165504,-0.6332184864397461,0.25
1786089420.765532,-83.0211514819,-18.842093244047494,-0.00120368238306,-0.7807902154914464,0.25
1786089420.8373282,-56.1262590378,6.271129409890896,0.00036629586667,-0.1397153834838634,0.25
1786089420.9127736,-57.3247722194,1.7128607234819757,-0.000128154819708,-0.0763431239405516,0.25
1786089420.988347,-38.1843026243,18.391366459597467,0.00100918218831,0.40346190515676267,0.25
1786089421.0655851,-20.7239289254,30.3160040727957,0.00235039130832,0.8210385715470288,0.25
1786089421.1403391,-17.3086453754,31.37406004516596,0.00256254407522,0.9463115714641086,0.25
1786089421.2139475,-16.5555410354,37.81216055966446,0.00345058847358,0.9838934714392324,0.25
1786089421.2961743,3.5748250836,42.29664760890012,0.00391193704339,0.9951680414317696,0.25
1786089421.3756514,-9.4820386389,35.718540519769725,0.00321816062631,0.9985504124295308,0.25
1786089421.4573622,2.3166743835,40.961279389792395,0.00373376107285,0.9995651237288592,0.25
1786089421.5365458,3.00159391417,40.614253036313386,0.00374353077802,0.9998695371186577,0.25
1786089421.6197202,-0.565880945892,38.87779569703861,0.00352385382206,0.9999608611355972,0.25
1786089421.7038374,1.63576179674,43.144549549774375,0.00408368001998,0.9999882583406792,0.25
1786089421.7983363,-5.87363466154,39.45756944184106,0.00362633273449,0.9999964775022037,0.25
1786089421.8769448,-3.21835375001,36.32876522723381,0.00312175873045,0.9999989432506611,0.25
1786089421.9580355,-7.7849395668,35.45905089926281,0.00306859193657,0.9999996829751983,0.25
1786089422.0396464,-6.9822735516,35.70610766842993,0.00309216340528,0.9999999048925594,0.25
1786089422.1168516,-18.9853790214,25.53219408295308,0.00198715800625,0.9578079644354011,0.25
1786089422.1985366,-13.0584590445,26.59711742862039,0.00196412604342,0.9761470274525577,0.25
1786089422.2733574,0.465360708108,32.86116034304179,0.00253924224659,0.9928441082357673,0.25
1786089422.3547897,-2.54977985667,21.77719182118123,0.00132780894611,0.8596904352385384,0.25
1786089422.4386835,-8.62507848533,23.764522042014494,0.00156829328645,0.8690717374647501,0.25
1786089422.51648,-4.38874555574,25.951999433842794,0.00169804667272,0.9335601225783403,0.25
1786089422.6049337,-15.2806196565,22.75631378669525,0.00145922122902,0.8550454449917835,0.25
1786089422.6860583,-14.409096191,23.556791946130705,0.0015200269902,0.8538127290223614,0.25
1786089422.7658389,-17.2033659577,21.190643322152223,0.00124908184288,0.7833028819951355,0.25
1786089422.8420546,-16.3588109623,21.86510119106428,0.0012567218862,0.7792295475401431,0.25
1786089422.9266083,-22.1924230429,14.259975138127707,0.000490239824893,0.5607741471895891,0.25
1786089423.0067995,-27.1625093999,12.890665745610054,0.000481868128846,0.45695180682400083,0.25
1786089423.092562,-29.3263992471,6.83278036908156,4.9230417248e-05,0.2633455345853677,0.25
1786089423.1696136,-16.6792686874,14.708822245575096,0.000762409185813,0.4347523772972218,0.25
1786089423.2516637,-9.71936638126,21.207975564610802,0.00130088685885,0.6692052523012242,0.25
1786089423.3292122,-17.5031937351,14.986172192055644,0.000845883854399,0.5655594218578077,0.25
1786089423.4113824,-7.81288308184,21.2601100274504,0.00136572286577,0.7147262938849004,0.25
1786089423.4917004,-4.85689908295,26.745438673463607,0.00194286341107,0.9144178881654701,0.25
1786089423.5777965,2.41251127199,30.127169906933066,0.00218860208327,0.974325366449641,0.25
1786089423.6589916,4.80653114499,31.196029989308407,0.00231674713194,0.9922976099348922,0.25
1786089423.7396615,8.1943660838,29.795328321351466,0.00211161196113,0.9976892829804676,0.25
1786089423.825087,18.3463015733,34.68738044366604,0.00255896763699,0.9993067848941402,0.25
1786089423.9058127,14.0447149477,31.86034756626064,0.0022746031617,0.9997920354682419,0.25
1786089424.004475,11.795941464,23.67688486685873,0.00134580081339,0.9241296822973057,0.25
1786089424.087379,-2.70683172384,11.353417122791077,0.000546104538442,0.5622555244565317,0.25
1786089424.1715908,-0.438951263506,16.99705266157895,0.00102983046108,0.6087874844791948,0.25
1786089424.257677,-2.07390130235,22.484597419994177,0.00152444522829,0.7699469149757566,0.25
1786089424.3521707,-17.3686252653,9.068591825686926,0.000392576769982,0.43848200893986133,0.25
1786089424.4490447,-30.9612583421,-3.3677764554490555,-0.000503512810458,-0.005818990214864234,0.25
1786089424.534823,-33.3201672555,-1.0010835702549068,-0.000322708196193,-0.07898874620726036,0.25
1786089424.6198876,-30.3461039883,3.227352451294303,5.54249139121e-07,0.0151282750173721,0.25
1786089424.7040133,-26.8532380875,10.751767497663101,0.000546621379675,0.2464917664991048,0.25
1786089424.7951314,-19.8278561903,20.269407119055423,0.00124441022963,0.5762546054847293,0.25
1786089424.8795044,-11.4719941369,28.960286103858447,0.00212301112751,0.8728763816454187,0.25
1786089424.9637485,-10.538293291,32.88109334291444,0.0025924828653,0.9618629144936255,0.25
1786089425.0511296,-6.10332090226,31.136629111421122,0.00242530832118,0.9885588743480875,0.25
1786089425.1440039,-11.2029329666,20.812683329364557,0.00137169511302,0.8273625372127638,0.25
1786089425.222919,-20.553439228,16.55458336353224,0.0011285152873,0.6580129325162504,0.25
1786089425.3051863,-13.6740729891,21.456710692439522,0.00146653918893,0.7443022865223459,0.25
1786089425.402087,-7.44841019066,31.985589155293663,0.00245149001259,0.9232906859567037,0.25
1786089425.490553,-6.08325877935,36.69736281548763,0.00310133991241,0.976987205787011,0.25
1786089425.5717072,-15.910822331,33.43741614709784,0.00279873509878,0.9930961617361033,0.25
1786089425.6585474,-0.905213370676,38.064393853834304,0.00313439141617,0.9979288485208309,0.25
1786089425.742841,19.733824666,37.885665169852956,0.00254965776291,0.9993786545562492,0.25
1786089425.8235579,15.9030593212,35.2188114777785,0.00221274063467,0.9998135963668747,0.25
1786089425.9068403,7.12466995567,31.180392483614032,0.00171753990471,0.9999440789100624,0.25
1786089425.9850967,-15.0258211043,9.781697428572745,1.66303841179e-05,0.5108561554038965,0.25
1786089426.0679054,-10.0123250694,13.101683171321405,0.000383030121765,0.4633017031484706,0.25
1786089426.1484594,-13.0783588524,12.949890609310293,0.000384085945474,0.4418500171507557,0.25
1786089426.2301154,-25.1350181818,10.458406373496242,0.000383702239411,0.3627611872974982,0.25
1786089426.3142302,-35.0428950272,6.800093396302742,8.77963811848e-05,0.2291031578071232,0.25
1786089426.4014258,-25.6680652178,18.456309183661354,0.0010346042396,0.5127446324620131,0.25
1786089426.4973993,-26.3542691452,16.443701054389432,0.000831590069324,0.5413736707414726,0.25
1786089426.5770123,-32.5203572641,5.12218449812109,-0.000222541838744,0.2332916754115304,0.25
1786089426.6591015,-29.4402255493,6.7447621350397835,-3.9123555234e-05,0.19027701966641036,0.25
1786089426.7388387,-26.5397718937,4.089269602488543,-0.000431586651153,0.10211004271162169,0.25
1786089426.8214943,-29.1760327383,-0.16712767542702928,-0.000801013655417,-0.042624044262190464,0.25
1786089426.9022613,-12.3013481968,15.510453997348604,0.000270600827695,0.3458991064044893,0.25
1786089426.9846942,-0.841628396313,26.107521616291994,0.0012258451678,0.7643484021771096,0.25
1786089427.0687444,-8.94956506076,24.921152041538953,0.00136572280191,0.8584197081680404,0.25
1786089427.1518219,-19.8225908532,23.482711982720026,0.00145871570846,0.8439674518770465,0.25
1786089427.232811,-8.06052090853,28.421023480589877,0.00189605152314,0.9531902355631139,0.25
1786089427.3244565,-5.11878493435,32.186486970410364,0.00225480856274,0.9859570706689341,0.25
1786089427.4091928,-7.51431623122,28.506496079305798,0.00176504174279,0.9957871212006801,0.25
1786089427.5045786,0.514662278396,34.81223663838997,0.00218383227497,0.998736136360204,0.25
1786089427.6037123,12.749542866,38.162993567461065,0.00224286177484,0.9996208409080611,0.25
1786089427.686311,23.0719282747,39.6707061306161,0.00178803335281,0.9998862522724183,0.25
1786089427.7702868,23.495263173,34.648756200778465,0.00118112979842,0.9999658756817255,0.25
1786089427.8520424,10.0761720738,22.212343270662156,-2.0454619496e-05,0.829526138968255,0.25
1786089427.9442196,3.37395842779,15.71040557257661,-0.000300800410206,0.6066254449529231,0.25
1786089428.0225909,4.88707724926,22.286186403092263,0.000405042094682,0.7252058728694502,0.25
1786089428.106535,6.60390002112,24.916025196789924,0.000720932203945,0.837718098873953,0.25
1786089428.196157,-13.8808378693,19.90150765655837,0.000373517184095,0.714961849736159,0.25
1786089428.279832,-21.0277219617,19.056224742911542,0.00037915770852,0.6500559173324794,0.25
1786089428.3655968,-24.0598096712,16.658388890271866,0.000244970652475,0.5652478405294459,0.25
1786089428.4598088,-11.1429299522,19.996725413400824,0.000297513738079,0.6354852669298914,0.25
1786089428.5445306,-11.4916568647,23.050866274183292,0.000565659005112,0.7388694571202662,0.25
1786089428.6269586,2.26128127155,27.709613349630857,0.000719903225963,0.9017319020979857,0.25
1786089428.7118063,3.94368930319,27.508498766825674,0.000585423727522,0.9421716084620131,0.25
1786089428.803662,6.89529464286,31.52669066454059,0.00101504811454,0.9826514825386039,0.25
1786089428.889221,5.83735451597,24.78827043742569,9.03597501671e-05,0.8840775843682708,0.25
1786089428.9772155,9.12135202559,24.935741726844697,3.47808951787e-05,0.8595198724740343,0.25
1786089429.0603435,12.0250769874,28.19556482363198,0.000220221615113,0.9396417304338359,0.25
1786089429.1403306,17.3907095618,29.790325247203395,0.000299980681579,0.9818925191301507,0.25
1786089429.224277,22.2653165197,32.730120717449786,0.000609767442894,0.9945677557390451,0.25
1786089429.3215587,10.8793833179,26.39388842993931,8.80568648864e-05,0.9310846402626136,0.25
1786089429.4166136,11.3307547376,25.535363405450816,-3.53327868571e-05,0.8872717926116549,0.25
1786089429.4968896,22.7702193313,29.7547164439031,0.000233976291605,0.9661815377834964,0.25
1786089429.5796483,14.6512974535,26.05660811693332,0.000132479574387,0.921137124798921,0.25
1786089429.6599052,20.4022261336,28.426281583025453,0.000190940245292,0.9723349572333282,0.25
1786089429.7511985,19.9864692324,28.27450103734859,0.000511251512265,0.9917004871699984,0.25
1786089429.831915,33.6575456732,30.924010111458966,0.000918346171155,0.9975101461509994,0.25
1786089429.9161766,35.5085785104,31.965983056389597,0.00092461415298,0.9992530438452998,0.25
1786089429.9997892,36.9284424902,31.507925806643513,0.00127233972587,0.9997759131535899,0.25
1786089430.0810027,34.9070968828,31.295683582561804,0.00141964938851,0.9999327739460769,0.25
1786089430.1771166,36.8219876555,33.75205500837037,0.00180942323466,0.999979832183823,0.25
1786089430.2578592,45.8137639468,42.73658946758032,0.00318629706074,0.9999939496551469,0.25
1786089430.3385053,49.9390253435,45.14196775951312,0.00340050155828,0.999998184896544,0.25
1786089430.421495,55.1042411073,44.58420548329924,0.00355825992541,0.9999994554689631,0.25
1786089430.505936,47.8973437611,41.11440733583007,0.00286891253254,0.9999998366406888,0.25
1786089430.586577,34.9576189288,30.202667212262284,0.00163331888378,0.9999999509922066,0.25
1786089430.6670718,24.2996622223,26.616107240455477,0.00155863001133,0.999999985297662,0.25
1786089430.7530084,26.4168252959,17.530411869775797,0.000786982934497,0.7744826600062191,0.25
1786089430.8377514,60.2653814922,27.443922905329593,0.00157129909821,0.9323447980018656,0.25
1786089430.9191658,48.2253746965,22.07549069869275,0.00125570114813,0.9064782227145354,0.25
1786089431.0000474,45.2415638353,20.56727620001304,0.00146632317676,0.8689362618299323,0.25
1786089431.089366,43.4972797875,23.757937356003843,0.00214371889748,0.958909122048092,0.25
1786089431.1695654,44.2486539835,23.994597332062465,0.00220108669668,0.9876727366144276,0.25
1786089431.2498207,52.4576736456,23.958461495775534,0.00204701776418,0.9963018209843282,0.25
1786089431.3269289,76.5876380195,33.14229536354893,0.00277463083414,0.9988905462952984,0.25
1786089431.4038367,92.4621300761,40.43782730130194,0.00380713653233,0.9996671638885894,0.25
1786089431.4784272,122.79172266,47.949688048543564,0.00488797598879,0.9999001491665768,0.25
1786089431.554696,132.239042424,46.26224861336968,0.00445910327522,0.999970044749973,0.25
1786089431.6274905,128.633403444,33.84172233945749,0.00245374537163,0.9999910134249919,0.25
1786089431.7016973,110.850221245,10.645982381956424,-0.000127508323723,0.6758850438849148,0.25
1786089431.7786248,87.8580553393,-24.91278154803416,-0.00288889587288,-0.39627955307018126,0.25
1786089431.85259,80.5760709497,-29.514586750853816,-0.003188919664,-0.8188838659210543,0.25
1786089431.933973,103.125886051,-23.87889763549422,-0.00277561545303,-0.797544065191834,0.25
1786089432.0114577,80.9358063571,-30.478742136630192,-0.0032344183515,-0.9392632195575501,0.25
1786089432.0867362,51.3649517644,-34.26893624341533,-0.00359011609451,-0.981778965867265,0.25
1786089432.1629293,75.4681825277,-22.082777576122893,-0.00261748256442,-0.8308509314904798,0.25
1786089432.2386115,108.512597285,7.176003318461853,9.91965000652e-05,0.05257935065350211,0.25
1786089432.3184245,117.469537872,6.109777614735717,3.9452440287e-05,0.3008406772980074,0.25
1786089432.3992448,130.452388244,25.258341275788425,0.00187728686887,0.7902522031894021,0.25
1786089432.4817445,124.125270873,31.182957686991493,0.00266696173385,0.9370756609568206,0.25
1786089432.5690851,123.065419546,33.43578728128167,0.00304860749103,0.9811226982870461,0.25
1786089432.6490462,120.270404732,34.05766048113721,0.00305700887697,0.9943368094861138,0.25
1786089432.723026,129.090837053,29.3152615645593,0.00226573557647,0.9983010428458341,0.25
1786089432.8031564,114.825375409,14.759796005741517,0.000961532689856,0.8226782536450719,0.25
1786089432.876375,95.384874178,-5.687441568323715,-5.62918812052e-05,0.2261757676395383,0.25
1786089432.9553378,98.8633655132,-0.7800881735589675,0.000310693592194,0.18158306389392664,0.25
1786089433.029778,108.261300011,7.363949522421369,0.000768762211906,0.3890334186672886,0.25
1786089433.1257586,110.572170425,9.045157287812062,0.000871359541883,0.49763664317424017,0.25
1786089433.20742,117.166283562,14.525961596777178,0.00142106859771,0.6894394941467923,0.25
1786089433.2964258,128.648895626,17.499436095908052,0.00156679481003,0.8362303705457185,0.25
1786089433.3727958,99.8134756096,5.427254062416542,0.000762197114013,0.5298812264399024,0.25
1786089433.4498231,98.9168569902,6.786084851889709,0.000902736281621,0.47462038392197936,0.25
1786089433.522122,123.765852825,18.311796971853983,0.00187936838748,0.7982707600092699,0.25
1786089433.594749,126.735863106,19.652959819065256,0.0020819479851,0.9388202030653766,0.25
1786089433.6721146,169.377708231,40.47392977008465,0.00395042910505,0.9816460609196129,0.25
1786089433.7490938,164.075435287,36.777421478887156,0.00355691865788,0.9944938182758838,0.25
1786089433.8221083,141.831977682,29.150913342877857,0.00294146935844,0.9983481454827651,0.25
1786089433.89992,134.750433197,28.95593214564031,0.00292465224166,0.9995044436448295,0.25
1786089433.9695163,134.007010483,27.863384469255674,0.00293647897085,0.9998513330934489,0.25
1786089434.0452108,135.249699163,29.07291531188491,0.0030934859023,0.9999553999280346,0.25
1786089434.1195416,143.019136739,31.098666269214537,0.00324801505951,0.9999866199784103,0.25
1786089434.1988032,135.870896292,27.13649997225536,0.00294813720076,0.999995985993523,0.25
1786089434.276115,108.007771894,11.445510792852081,0.00152788335067,0.7619220090142138,0.25
1786089434.356072,109.862204699,12.19116314143202,0.00112406804816,0.6928641253603021,0.25
1786089434.4397824,94.0620537036,7.628390435555179,0.000893040586992,0.536956978564604,0.25
1786089434.5234618,89.1425441999,9.406515158581062,0.00102733104709,0.5315348027422773,0.25
1786089434.613094,94.3942902798,21.22294942251756,0.00193939338672,0.8508294372154873,0.25
1786089434.6872563,85.1099188266,-8.112847202258894,-0.000691509700392,0.13857615861854483,0.25
1786089434.7651112,88.3025991699,-4.102901812413621,-0.000436183978936,0.03320321847724937,0.25
1786089434.8351643,88.992113613,0.36483153407675634,0.000194412951843,0.13363898493373091,0.25
1786089434.9075174,97.5221427342,8.039806988621327,0.00103275472685,0.3888930659248723,0.25
1786089434.9847243,117.824520897,18.12418788425599,0.00191798652036,0.7627559008846412,0.25
1786089435.0666044,125.696013992,21.103623380164972,0.00226557277837,0.9288267702653923,0.25
1786089435.1357577,114.422753406,13.035173741236212,0.00172427902835,0.7936846335967643,0.25
1786089435.207903,128.877017103,24.0384658658418,0.00240769414229,0.9381053900790293,0.25
1786089435.2892766,129.876668187,27.17071002543437,0.00260199371271,0.9814316170237087,0.25
1786089435.3663952,131.802902399,25.992082522683596,0.00234331741716,0.9944294851071125,0.25
1786089435.4443314,94.5817282056,16.334933294681353,0.00199828715294,0.8783776036904871,0.25
1786089435.5226102,88.5983869302,21.933780896061556,0.00254296601095,0.9635132811071461,0.25
1786089435.6057646,78.2174016527,15.094769297523117,0.00202720438261,0.8218265143502202,0.25
1786089435.6811981,105.331103725,26.82570719401038,0.00291575910952,0.946547954305066,0.25
1786089435.7684724,111.15560453,29.497511891724066,0.00316231317461,0.9839643862915197,0.25
1786089435.8415413,89.2890468734,6.173156534057119,0.00155528726895,0.6129145179673137,0.25
1786089435.916263,88.4485049986,3.7590123085809557,0.00119224450398,0.42876345640162417,0.25
1786089435.9995492,55.3139364475,-10.849167196640373,0.000257844152333,-0.0469881980482314,0.25
1786089436.0695817,53.2273274483,-2.5708578498435872,0.0006043031476,0.015761039836830304,0.25
1786089436.15165,45.2017261138,-0.5288884201044801,0.000926647769915,0.08637600436184191,0.25
1786089436.23339,24.4093714766,-20.138601536487894,-0.000618667939997,-0.44108667380865685,0.25
1786089436.3178887,33.0486928564,-12.895779085996464,-0.000233337262341,-0.40345685203899434,0.25
1786089436.4004817,31.8812720445,-12.668082056941358,-0.000285557774363,-0.390492313863744,0.25
1786089436.47961,-0.721447129865,-27.491938108317793,-0.00133728299278,-0.8166695210789358,0.25
1786089436.5760884,-4.53968682128,-30.097939455041477,-0.00154692124551,-0.9450008563236807,0.25
1786089436.6558335,10.0782151081,-26.321479899141845,-0.00146299330995,-0.9480846610732023,0.25
1786089436.734218,20.5085505894,-31.368387643483885,-0.00234414989978,-0.9844253983219606,0.25
1786089436.8146968,19.4170848909,-33.27862968620878,-0.00275389206177,-0.9953276194965881,0.25
1786089436.8941453,31.2702674108,-27.388824684935408,-0.00243625586978,-0.9985982858489764,0.25
1786089436.971859,44.4470052306,-22.42416729002112,-0.00210194286677,-0.8591470689245715,0.25
1786089437.05947,68.5414079601,7.26763678767033,0.000348740166361,0.009118283613372136,0.25
1786089437.152522,106.387949313,35.397705993822996,0.00309599712361,0.7027354850840116,0.25
1786089437.2495987,99.0540672367,45.05030583932909,0.00470882712765,0.9108206455252035,0.25
1786089437.3432488,107.362785741,50.12042979513524,0.00541627240342,0.9732461936575609,0.25
1786089437.4260426,103.631804887,49.995507208388,0.00523723811068,0.9919738580972682,0.25
1786089437.5105283,95.6115210883,49.693950278007975,0.00505338175065,0.9975921574291804,0.25
1786089437.5955212,78.2633773659,43.97344036365087,0.00450719522303,0.9992776472287541,0.25
1786089437.6802914,52.0566157913,34.060687305411605,0.00359525301457,0.9997832941686262,0.25
1786089437.7787895,41.9171905606,29.755481839779428,0.00322419081371,0.9999349882505878,0.25
1786089437.8662488,25.4777830051,20.13800691821397,0.00242783646473,0.9041737986152691,0.25
1786089437.9499893,17.5333740592,15.208474425336211,0.00207580378167,0.7358855261038642,0.25
1786089438.033034,8.58732851421,10.129187263294762,0.0015234403395,0.5325680401243992,0.25
1786089438.118652,20.0271876724,15.054935291039333,0.00171825654057,0.6085810950575286,0.25
1786089438.204067,29.721805115,24.344707791416226,0.00242937396302,0.8825743285172585,0.25
1786089438.3027253,39.8577542823,32.272147124566835,0.0031789864031,0.9647722985551774,0.25
1786089438.3843093,45.3561398459,34.1875985524985,0.00350818898274,0.9894316895665531,0.25
1786089438.4704194,60.1744538643,40.870209090951555,0.00423047419308,0.996829506869966,0.25
1786089438.555875,48.8959017716,36.692438098157076,0.00382894263058,0.9990488520609897,0.25
1786089438.6403728,43.3914810536,30.463562928482258,0.00328483664323,0.9997146556182969,0.25
1786089438.725406,26.1528565973,23.085892325200952,0.0027304697322,0.9865627270073547,0.25
1786089438.807988,30.6405416514,31.580693177464912,0.00336979523957,0.9959688181022064,0.25
1786089438.8907938,22.8471866565,33.08549188190436,0.00348993901656,0.9987906454306619,0.25
1786089438.9743013,15.6674365767,31.10082719301093,0.0032890582503,0.9996371936291986,0.25
1786089439.072796,31.2172660175,36.351164434379506,0.00374797013591,0.9998911580887595,0.25
1786089439.1618226,-2.82834691972,25.9221100712866,0.00288425035956,0.9999673474266277,0.25
1786089439.2532892,-11.4980459849,12.165572284238879,0.00181217333368,0.6474590582908459,0.25
1786089439.3329027,-14.7809666502,10.891020682537984,0.00158855322284,0.4984791635427697,0.25
1786089439.4195523,-15.7942632949,9.651366446665076,0.00138141307189,0.4147993163247017,0.25
1786089439.5068994,4.12970105901,21.595399295353648,0.00199433519339,0.7185051295151682,0.25
1786089439.5993147,10.5535785785,25.320108282272475,0.00212682475503,0.9098991437191385,0.25
1786089439.6809514,10.0153509872,22.98518758793465,0.00176393893606,0.8967238568503716,0.25
1786089439.777059,20.0941368617,26.676440407370443,0.00197317337403,0.9690171570551114,0.25
1786089439.8671882,19.0031574959,26.160014980288924,0.00153576034732,0.9896163973822741,0.25
1786089439.9566233,22.6951700231,28.42088185827284,0.00166111773459,0.9968849192146823,0.25
1786089440.0424263,24.5023826214,34.51814918464802,0.00285993734209,0.9990654757644046,0.25
1786089440.1270037,12.1500824628,33.33870263926743,0.00294899039023,0.9997196427293213,0.25
1786089440.2127106,16.8582351292,35.627089241797854,0.0033792222004,0.9999158928187963,0.25
1786089440.2944586,12.5869150016,38.641468899909874,0.00390069799276,0.9999747678456388,0.25
1786089440.3790293,7.36996764576,31.702481758295303,0.00273134978929,0.9999924303536916,0.25
1786089440.4628048,5.89342288509,36.69890450701166,0.00354190002033,0.9999977291061074,0.25
1786089440.5428872,2.55165933253,40.43291510065401,0.00411905204743,0.9999993187318321,0.25
1786089440.6254127,0.692231840942,44.90116244818184,0.00473583027136,0.9999997956195497,0.25
1786089440.7097206,0.930144120483,47.38030825296997,0.00508538470984,0.9999999386858649,0.25
1786089440.800655,-20.4177912264,42.265046418985534,0.00439911166535,0.9999999816057594,0.25
1786089440.9020112,-12.0214787713,41.538417887244265,0.00433806751635,0.9999999944817277,0.25
1786089441.0090022,9.9122297314,45.924147234050835,0.00486951619457,0.9999999983445182,0.25
1786089441.102284,8.42217298713,43.99339857855619,0.00461992167831,0.9999999995033555,0.25
1786089441.1912105,13.3064157835,48.30486178591887,0.00521747734475,0.9999999998510065,0.25
1786089441.2797585,21.2370431745,51.62663281268549,0.00575612938065,0.999999999955302,0.25
1786089441.3689756,15.2682296107,51.349663564767894,0.00568100929123,0.9999999999865905,0.25
1786089441.4612443,12.363370765,49.7105420725066,0.0051644947226,0.9999999999959771,0.25
1786089441.5500119,7.41971170285,47.54122633067663,0.00430905839655,0.9999999999987931,0.25
1786089441.6366997,9.05266308336,45.08551237255854,0.00255038070527,0.9999999999996378,0.25
1786089441.7273474,-1.47994776784,39.62982535745494,0.00178053726368,0.9999999999998913,0.25
1786089441.815211,14.909809292,44.47367981640387,0.00251955521506,0.9999999999999674,0.25
1786089441.9147625,-2.44275367328,30.620466143629066,0.000685407738466,0.9999999999999902,0.25
1786089442.010754,-12.8333254257,14.102053726250425,-0.000785894872504,0.5799932394285565,0.25
1786089442.1007664,-43.7281881348,-8.850008802568933,-0.00198255284723,-0.1697911259955804,0.25
1786089442.1895463,-44.5339127871,-7.647025229021956,-0.00191352530595,-0.3646831243359734,0.25
1786089442.2774098,-33.9729387556,7.3914812049991525,-0.0010194838652,-0.021399859778265293,0.25
1786089442.3667119,-4.50040159625,26.399243044393597,0.000356872754414,0.619414130681199,0.25
1786089442.4536715,3.30268588264,35.242300442360204,0.00141861957959,0.8858242392043596,0.25
1786089442.5446117,3.4405194033,35.5662313252909,0.00168278797254,0.9657472717613078,0.25
1786089442.6329033,-4.28432573788,34.84960912747073,0.00201115333642,0.9897241815283924,0.25
1786089442.7246804,-5.63970919308,32.379025372931494,0.00152845102869,0.9969172544585176,0.25
1786089442.8162782,1.49245480074,37.597462561542585,0.00240076615931,0.9990751763375552,0.25
1786089442.9020042,18.1223649171,45.81042414167217,0.00369667111523,0.9997225529012665,0.25
1786089442.9885695,3.27281796438,38.862827111584366,0.00299050252167,0.9999167658703799,0.25
1786089443.0755785,10.4352934241,42.351221684409126,0.00341208926087,0.9999750297611139,0.25
1786089443.1632383,1.61933066065,36.63961707417927,0.00268240527474,0.9999925089283341,0.25
1786089443.2539895,1.73555288369,36.44240207838995,0.00248032504756,0.9999977526785002,0.25
1786089443.3453438,9.9525679924,36.808902175921126,0.00228534512438,0.99999932580355,0.25
1786089443.4400327,27.1876580183,44.71780271530895,0.00322937624504,0.999999797741065,0.25
1786089443.5295074,16.9652280028,41.12929777419235,0.00265219631208,0.9999999393223195,0.25
1786089443.6158583,7.48064176216,33.07326726163053,0.00175115170312,0.9999999817966958,0.25
1786089443.7057824,0.585031728802,26.58256416256331,0.000921826301156,0.9603888205840809,0.25
1786089443.8055747,12.2928592359,30.970371339542194,0.00151686796785,0.9881166461752242,0.25
1786089443.8904097,22.5726450113,38.8133425806053,0.00219793531176,0.9964349938525672,0.25
1786089443.9795666,26.9254798488,39.513870368043165,0.00234395657296,0.9989304981557701,0.25
1786089444.075916,42.9508001869,46.59551334026068,0.00314068865348,0.999679149446731,0.25
1786089444.1572363,67.4991196916,55.58317911708159,0.00490815079327,0.9999037448340192,0.25
1786089444.2384157,56.9721808957,53.79949171233919,0.00452511389937,0.9999711234502058,0.25
1786089444.3176622,46.9280697536,48.20178339352902,0.00342251040514,0.9999913370350617,0.25
1786089444.399564,59.4587206637,49.95097461082279,0.00357626415652,0.9999974011105184,0.25
1786089444.4909396,48.9887092127,39.183781235649924,0.00209235565031,0.9999992203331555,0.25
1786089444.5698156,56.7051548282,36.47955913864731,0.00163063605609,0.9999997660999466,0.25
1786089444.6580644,53.0205333235,37.345258597874036,0.00180587299052,0.999999929829984,0.25
1786089444.7452807,41.2227247256,25.79667361589189,0.000878878058192,0.9890885168741768,0.25
1786089444.8309643,45.8728481922,26.764120832284913,0.000966231742559,0.996726555062253,0.25
1786089444.9223328,36.3829870555,21.1983536427038,0.000579064534316,0.8621770434746892,0.25
1786089445.005298,25.8719715068,8.770494792388456,-0.000351980363939,0.4793644357337567,0.25
1786089445.0872638,26.0661762537,5.65081536989008,-0.000597694775068,0.2814522848152309,0.25
1786089445.1807961,27.2429065035,8.330083291187796,-0.000424073147696,0.29343560865478324,0.25
1786089445.266118,20.1105000733,-2.9232783088499583,-0.00111428410491,-0.0036344361038857798,0.25
1786089445.3503327,27.0867222734,5.043290020539228,-0.000550344240505,0.12562927457370415,0.25
1786089445.441754,25.1155324476,9.01297630550228,-0.000307894898219,0.2650341330022345,0.25
1786089445.5257576,24.5186303462,6.17899652199167,-0.000524456887288,0.23074852855173916,0.25
1786089445.624511,30.5333311504,12.128893084110421,-0.000131943282772,0.38331625958713467,0.25
1786089445.709019,22.6825767591,9.744192348460002,-0.000188030631648,0.36160349702342687,0.25
1786089445.8060262,21.5742227441,8.173166079055546,-0.000264883126015,0.313811692689936,0.25
1786089445.890091,27.1881802547,16.766877870091772,0.000369915534008,0.533901820467958,0.25
1786089445.9787445,17.1146781926,8.015390068839814,-0.000175757459741,0.3602682874319374,0.25
1786089446.0625722,12.7803290848,7.966930123643375,-0.000111124637761,0.3045982953294586,0.25
1786089446.1516674,4.69210089466,4.315883066279337,-0.000257831553299,0.1866989800011222,0.25
1786089446.2369132,9.53881794795,8.303322076583257,2.38035424521e-05,0.26224914359901413,0.25
1786089446.3247185,13.8843138718,11.757528275818954,0.000370782799344,0.38558362292707793,0.25
1786089446.4142087,20.2141061713,15.59784571887643,0.000539789778082,0.5270343484762305,0.25
1786089446.4985147,25.5607488922,25.86918523212223,0.0018878698258,0.8581103045428691,0.25
1786089446.580972,42.172326546,39.37594007902365,0.00361463675416,0.9574330913628606,0.25
1786089446.666529,38.9257543489,39.95905780604677,0.0038940853002,0.9872299274088581,0.25
1786089446.7532687,45.0230365952,41.64826423019364,0.00410590693673,0.9961689782226574,0.25
1786089446.8381553,41.9443192805,36.42078725526395,0.00328640292352,0.9988506934667971,0.25
1786089446.9220774,42.2383374809,34.91398156679688,0.00288820790175,0.9996552080400392,0.25
1786089447.009402,40.6603150269,37.50548017211671,0.00322720031372,0.9998965624120117,0.25
1786089447.0886884,28.1170351468,30.05679301621051,0.00222049860253,0.9999689687236035,0.25
1786089447.1695213,17.9469823506,21.405881420523368,0.00123981571007,0.8740659581179858,0.25
1786089447.2516122,20.1615300166,20.54713971721962,0.00116913289516,0.8159021491985475,0.25
1786089447.3330462,17.2453547904,12.642274625916839,0.000590128942936,0.5857484103626844,0.25
1786089447.4226542,13.1559918516,11.59017855957183,0.00039582478673,0.4789235369352438,0.25
1786089447.505475,6.93125414049,-0.9376865741277327,-0.000702117291795,0.1001052423889803,0.25
1786089447.5939958,8.17791099858,-1.3578370538731168,-0.000757512814564,-0.024212409966606913,0.25
1786089447.6710906,1.723690638,-6.444668738480428,-0.00108021436924,-0.2017594591220649,0.25
1786089447.7492058,-4.05017798033,-14.433658469681289,-0.00168570163756,-0.4742323220393462,0.25
1786089447.8399584,-2.94855944098,-10.964656839641973,-0.00134667474485,-0.4592356867824051,0.25
1786089447.9179673,-4.17023089686,-5.288709970162793,-0.00082706076105,-0.3015656879511014,0.25
1786089447.9981155,-0.341155218236,3.4609624959067746,0.000103057112524,-0.005715541883078434,0.25
1786089448.073365,3.80752374563,3.9901087047386694,0.000151964997899,0.10247025214648892,0.25
1786089448.1488678,11.7823245489,13.643628077429836,0.00107785183918,0.4093616370364012,0.25
1786089448.2245722,41.9228346101,33.637711246201945,0.00284491752514,0.8228084911109204,0.25
1786089448.2999854,42.7551441863,34.02544268552317,0.00294518524559,0.946842547333276,0.25
1786089448.3802292,42.2521866723,31.30091924180161,0.00256834801714,0.9840527641999828,0.25
1786089448.4665873,43.655931144,33.94467968303795,0.00307072418889,0.9952158292599949,0.25
1786089448.542778,43.7702407127,31.197683593666675,0.00277164040317,0.9985647487779984,0.25
1786089448.619914,46.554909021,33.13383848377562,0.00301427679487,0.9995694246333995,0.25
1786089448.7005847,42.373977982,31.909690944970066,0.00282390754459,0.9998708273900199,0.25
1786089448.7779255,57.011983615,36.80764127619642,0.00302107877169,0.9999612482170059,0.25
1786089448.854731,51.3969694834,36.5803119680666,0.00302860146737,0.9999883744651017,0.25
1786089448.940907,46.9794735642,35.124254871864785,0.002998941574,0.9999965123395305,0.25
1786089449.0190623,40.2261665443,28.568080893682453,0.00234690260293,0.9999989537018591,0.25
1786089449.0985758,53.341753204,35.571124203026265,0.00299521864336,0.9999996861105577,0.25
1786089449.1813817,49.3442216412,34.54656566429993,0.00288978789358,0.9999999058331672,0.25
1786089449.2684484,41.2779389475,31.864535076112986,0.00252632537999,0.9999999717499501,0.25
1786089449.3764822,36.2574688855,29.97052170308258,0.00225464229168,0.999999991524985,0.25
1786089449.4554386,20.1076264605,18.210181709136418,0.00112332871911,0.7971315945541513,0.25
1786089449.5497096,26.8050996914,19.3590941487946,0.001007866606,0.7662000694325347,0.25
1786089449.6341667,17.4992286939,12.890448505026361,0.000395957677845,0.5686291820275677,0.25
1786089449.7177641,8.99991993171,12.284599567535501,0.0006666919928,0.4965753036488265,0.25
1786089449.8020067,1.08454093477,3.213663006819447,-0.00013858347673,0.2193343129371919,0.25
1786089449.8890116,11.8207069761,7.836385025978538,-5.7368199888e-05,0.2604172927848427,0.25
1786089449.970527,13.3824823253,6.570256534613129,-0.000134967395591,0.24175836616871277,0.25
1786089450.051186,6.94726651686,-1.709510371980266,-0.000777692718355,0.0077343669128292075,0.25
1786089450.1361704,7.42200474978,-2.901619176832955,-0.000837808042305,-0.09228758510438106,0.25
1786089450.2149148,4.44955149891,-6.394657583842596,-0.00100591484768,-0.2145602671120327,0.25
1786089450.3021116,16.1663190847,0.08681277955950166,-0.000570178887203,-0.06728235250519207,0.25
1786089450.3869548,17.8183345312,4.549292855312455,-3.81134410161e-05,0.10577232147196436,0.25
1786089450.4658923,28.0095295311,11.652976625204438,0.00047194166048,0.35751726274972734,0.25
1786089450.5438044,26.9964567733,6.257140743965593,0.000128103503388,0.2912115295712947,0.25
1786089450.6215305,30.1041075059,14.381845873273155,0.000902065626038,0.49773302757950166,0.25
1786089450.6998758,32.9788304573,13.301675094688502,0.000819872563268,0.5344279845716698,0.25
1786089450.778121,30.5027233079,8.18347256400507,0.0004730412626,0.40820365758906,0.25
1786089450.8593702,34.5592842763,13.623065859713607,0.00101809343116,0.5254408577081726,0.25
1786089450.939976,31.6639552281,7.725897615581798,0.000423934508735,0.39412648989574606,0.25
1786089451.0179214,39.4512196233,15.455583485420378,0.00125428794622,0.5799471675371544,0.25
1786089451.0984108,48.1922987183,25.84020805781023,0.00193355243276,0.8739841502611463,0.25
1786089451.178851,56.9799295527,28.060022924658742,0.00187579309812,0.9621952450783438,0.25
1786089451.2630203,57.1715722395,25.142223659782395,0.00152536566001,0.9886585735235031,0.25
1786089451.3399806,51.1296289808,21.227904131512048,0.000861102950008,0.8902211132149969,0.25
1786089451.420084,41.6379264371,20.590747394329398,0.000862399626069,0.834477727325476,0.25
1786089451.5002294,41.7716724339,19.130917493077394,0.000747730262215,0.778950318594463,0.25
1786089451.5782642,49.5579798889,27.01814916389191,0.00137213976522,0.9336850955783389,0.25
1786089451.658113,49.2149820297,28.27302595754563,0.00147863348584,0.9801055286735016,0.25
1786089451.733431,53.5710685281,32.22326100775401,0.00185936984082,0.9940316586020504,0.25
1786089451.8154445,54.4166612692,31.74703541663651,0.00175607194376,0.9982094975806151,0.25
1786089451.906725,53.7566321068,32.72529381668681,0.00194892817412,0.9994628492741844,0.25
1786089451.9854076,56.0579248519,34.68274653156032,0.00196021342337,0.9998388547822552,0.25
1786089452.079788,56.340728255,35.84859278425893,0.00226098990986,0.9999516564346764,0.25
1786089452.1756148,59.6855131029,40.377225967840566,0.00271376963159,0.999985496930403,0.25
1786089452.257796,49.0524512957,38.15592865992498,0.00252364248767,0.9999956490791209,0.25
1786089452.3345942,37.5829575399,33.10730594412619,0.00200799984916,0.9999986947237363,0.25
1786089452.4194944,33.7989388244,30.80158203554567,0.00175807386111,0.9999996084171208,0.25
1786089452.502343,24.6295940859,29.821932975160554,0.0016514410893,0.9999998825251362,0.25
1786089452.5981092,16.5171466692,27.41000667005438,0.00138902127232,0.9999999647575408,0.25
1786089452.684236,10.6085075129,26.293026110872017,0.00129193774545,0.9815065579470102,0.25
1786089452.7717767,14.508511504,29.82451242531627,0.0015061330254,0.994451967384103,0.25
1786089452.8573587,4.35357018829,24.43121728394804,0.0011203000291,0.9215424350546364,0.25
1786089452.9477453,-5.93738430711,18.56994576098897,0.000681430203695,0.7317651478595755,0.25
1786089453.0322983,-11.3426365126,15.5116249951961,0.000498937881719,0.5891635183421394,0.25
1786089453.1320527,-19.6365447186,10.411161809744353,0.000155379633245,0.4026989276773154,0.25
1786089453.2246976,-28.3084195308,7.431973018851819,3.86116959488e-05,0.26182057699632133,0.25
1786089453.309964,-39.1788634107,0.40676812689121444,-0.000394753803715,0.024029493502308097,0.25
1786089453.4021683,-30.015919755,6.208367182207641,-5.7786987951e-05,0.1134918610121342,0.25
1786089453.498997,-24.9704776626,10.989400268578551,0.00030749481724,0.2735816565412604,0.25
1786089453.587834,-19.4181814531,12.240182175468167,0.000331521237286,0.3584991771054844,0.25
1786089453.6773086,-15.885738898,15.893311514074544,0.000701428129435,0.4892837418098778,0.25
1786089453.761545,-15.5113400927,17.303879768715568,0.000852976999059,0.5683621303251072,0.25
1786089453.8534048,-16.5827849125,14.615352354579672,0.000703455249431,0.5216717441799656,0.25
1786089453.9376798,-1.77206292533,24.618880252787502,0.00136287168748,0.7870777824295199,0.25
1786089454.0287113,5.45859615128,29.86814002960154,0.0018646556188,0.9361233347288559,0.25
1786089454.1142073,3.82594782872,32.31705908452242,0.00228673159618,0.9808370004186567,0.25
1786089454.2102041,6.56183512866,34.91610568014556,0.00273603586135,0.9942511001255969,0.25
1786089454.3007317,-9.2094480104,25.79989436729764,0.00196330112837,0.9730736492009362,0.25
1786089454.3904839,-22.0722584908,14.351502289689353,0.000990635306925,0.6426024133254747,0.25
1786089454.475601,-25.2406814188,13.831307870722625,0.000911474494269,0.5241291890262828,0.25
1786089454.560687,-18.5754607454,13.582544933974486,0.000802442675973,0.4861383179681211,0.25
1786089454.6428344,-20.5317800428,11.59424957723624,0.000793854700092,0.42562720069156507,0.25
1786089454.7253375,-16.9691551602,12.013783529350487,0.00073712108805,0.4191227018397784,0.25
1786089454.8086672,-12.6030041519,14.171278454453743,0.000862401690982,0.47812146135292144,0.25
1786089454.904145,-8.62294434286,16.12662715762929,0.000920925127384,0.5487359483564048,0.25
1786089454.987569,-2.04345853463,22.0760404323912,0.00148044553469,0.7405570838308011,0.25
1786089455.071041,-0.891943903442,22.374334148956617,0.00148316318663,0.8065651267793348,0.25
1786089455.1618032,-0.221153102036,24.33426651148652,0.00170028921499,0.8821711600788331,0.25
1786089455.25425,2.99883479444,28.819785439166345,0.00213593733197,0.9646513480236498,0.25
1786089455.34014,8.08873491856,31.523677019152533,0.00236685972814,0.989395404407095,0.25
1786089455.4226527,15.4617501943,35.81648370880747,0.0028033447389,0.9968186213221284,0.25
1786089455.5076246,19.6549680105,36.39423351425185,0.00292776545026,0.9990455863966385,0.25
1786089455.5894668,19.7763381907,31.349939308493752,0.00232225193519,0.9997136759189915,0.25
1786089455.6720202,18.9773502394,31.629169216497914,0.00243196667856,0.9999141027756975,0.25
1786089455.7763968,12.1418518005,26.787556147438274,0.00197096578742,0.9999742308327092,0.25
1786089455.857495,6.0750557984,25.44629514744686,0.00212258614662,0.9917154368978969,0.25
1786089455.949551,-1.24210372278,18.302559542636505,0.00152436029934,0.7882416182191292,0.25
1786089456.0327847,18.0153346261,36.17015633540844,0.00331124765188,0.9364724854657387,0.25
1786089456.1259305,18.9886560636,33.02368459581438,0.00293102152634,0.9809417456397216,0.25
1786089456.209354,22.8358942046,37.73775533408886,0.00345002275741,0.9942825236919164,0.25
1786089456.3028712,20.0908050977,38.63866439723574,0.00350350288445,0.9982847571075748,0.25
1786089456.385337,21.0557444141,42.6989333125056,0.00393114998871,0.9994854271322724,0.25
1786089456.4705632,15.9805403378,39.87716417806547,0.00351369384244,0.9998456281396817,0.25
1786089456.5565624,15.3852785936,39.719614709177684,0.00323795843328,0.9999536884419045,0.25
1786089456.651011,5.11581923352,34.32425960426903,0.00257921023146,0.9999861065325713,0.25
1786089456.7439964,-2.5211883357,31.83475081553807,0.00214549076236,0.9999958319597713,0.25
1786089456.8297875,-13.8632697233,18.09240150520532,0.000717909793047,0.7361825953610033,0.25
1786089456.9325705,-11.3890500778,18.260493810531663,0.000558139664087,0.6571051629103524,0.25
1786089457.0286,-15.4383361892,15.626585114157457,0.000249187889894,0.5538377252916045,0.25
1786089457.115386,-18.1598544292,14.973951366718056,0.000315644835772,0.5071984128291624,0.25
1786089457.2038627,-8.93836707543,24.94570586781689,0.00104876276674,0.7683216092477928,0.25
1786089457.2921438,-6.33555970564,26.26326583032676,0.000963812655895,0.8769027408995174,0.25
1786089457.3803215,-7.24704474714,27.86475735018646,0.00124473904822,0.9577517484868183,0.25
1786089457.4738562,-16.5253137235,22.20973742550544,0.000796989862962,0.8197592648671346,0.25
1786089457.5591242,-25.4609203254,17.146473606209128,0.000936312366406,0.6554269128042238,0.25
1786089457.6567903,-20.4485575655,20.327482319455573,0.00124048168807,0.6993758466073634,0.25
1786089457.7495613,-15.2243112755,26.211950478635618,0.00178548605019,0.8794096661576792,0.25
1786089457.8360763,-19.2428520892,25.934464511434488,0.0018870908283,0.9264429313779775,0.25
1786089457.9230242,-27.2709403506,18.290851043164512,0.00125242359449,0.7254643698163403,0.25
1786089458.0094397,-19.3355938129,21.880184628736963,0.00152048710953,0.7699109651493937,0.25
1786089458.0986795,-11.6478991263,27.723981690936746,0.00207569285439,0.9309732895448181,0.25
1786089458.1866512,-9.9125225037,29.40075753028789,0.00225452431341,0.9792919868634453,0.25
1786089458.2737997,-9.11237639786,29.53232286024045,0.00236567587775,0.9937875960590336,0.25
1786089458.3583324,-9.78764800311,31.72037992635236,0.00254721476135,0.9981362788177099,0.25
1786089458.4514565,-21.9000342241,25.06818030097242,0.00221066660031,0.9524350369608314,0.25
1786089458.542913,-15.2233544606,27.375486611184566,0.00235215424826,0.9857305110882494,0.25
1786089458.623989,-17.7172438368,29.270386924694268,0.00272606383103,0.9957191533264748,0.25
1786089458.7079244,-17.1989358652,29.480908241887025,0.00283944904868,0.9987157459979423,0.25
1786089458.8018706,-14.5924201192,29.010173299817282,0.00289089642814,0.9996147237993827,0.25
1786089458.882033,-15.1828042246,25.22046854481084,0.00266214025875,0.9837093442198759,0.25
1786089458.9665067,-17.9509062521,20.21070047831311,0.00223715794228,0.8406434750739666,0.25
1786089459.0480282,-8.55422341012,20.974163887321783,0.00235004926727,0.8316460852866482,0.25
1786089459.1348476,0.951093043183,23.02213848510686,0.00256085220002,0.8971326019553759,0.25
1786089459.2191,10.2527560343,26.525076148019135,0.00283028224925,0.9691397805866127,0.25
1786089459.3098278,15.1059835597,28.514326979647286,0.00299596453365,0.9907419341759838,0.25
1786089459.4018111,17.1174881385,26.888066835143423,0.00287344692185,0.9972225802527951,0.25
1786089459.4850283,19.4676446591,27.14067848828952,0.00294186860192,0.9991667740758385,0.25
1786089459.56857,8.97362208178,18.41957092717176,0.00233361615199,0.8399860741981333,0.25
1786089459.658992,-6.05745475512,3.9398677634767396,0.00154913096442,0.4028566745757942,0.25
1786089459.7433112,-11.4449580644,-0.7553160530627068,0.00130965112871,0.14545796417528123,0.25
1786089459.824759,-6.52238727652,2.3692884078518333,0.00143509019572,0.15242433767774494,0.25
1786089459.9081655,-6.69418503644,1.7472560857391928,0.00140003023423,0.1382966457563494,0.25
1786089459.9957223,-4.124534063,4.797118810842794,0.00157827791287,0.21592184998916295,0.25
1786089460.0777426,-0.209600594372,13.979182466724643,0.00214639798646,0.482386023045283,0.25
1786089460.1597779,2.4464335015,15.2726547556647,0.00221767654782,0.598736621583347,0.25
1786089460.2449193,0.233403605367,12.114676327205206,0.00200322452657,0.5481601490887315,0.25
1786089460.3243365,-2.60353581897,11.362220898367685,0.00196865419306,0.5105434827770138,0.25
1786089460.420653,-1.5582618419,12.120807823357303,0.00199249988211,0.5192325829336107,0.25
1786089460.5044546,14.5348734086,21.620377676939956,0.0025569993563,0.7868802307879758,0.25
1786089460.6039758,22.1516347872,22.68889114596964,0.00260328257734,0.903235175892698,0.25
1786089460.6840692,20.6825109456,22.54883198092587,0.00252400136378,0.9297375602928399,0.25
1786089460.769086,29.106068625,28.147023636293085,0.0029981175708,0.9789212680878518,0.25
1786089460.8576517,35.3081940712,28.604636283131768,0.00292909218158,0.9936763804263555,0.25
1786089460.945917,39.9195341327,21.884486299879974,0.00205333046899,0.9444690446947943,0.25
1786089461.027634,19.2630461155,1.6385619169519277,0.000658616391839,0.3729210167299478,0.25
1786089461.1075773,15.8205271956,-3.8775632563230102,0.000174749285462,0.04790982583348323,0.25
1786089461.1981165,4.51013376612,-27.347904248494647,-0.00174492708157,-0.685627052249955,0.25
1786089461.2763774,-13.6921792024,-40.31991780378289,-0.00307973781278,-0.9056881156749864,0.25
1786089461.3525062,-16.8951720291,-41.297453602021534,-0.0033373029512,-0.9717064347024958,0.25
1786089461.4284368,-26.365422491,-43.764691305920174,-0.00340402462213,-0.9915119304107487,0.25
1786089461.5078359,-23.0085146871,-39.548936380019576,-0.00271827879566,-0.9974535791232246,0.25
1786089461.5909617,-1.13991257392,-10.885313916309276,6.79279534047e-05,-0.5516922761520768,0.25
1786089461.6720288,9.07119121287,3.605647694447815,0.000978272623834,-0.028623915479806084,0.25
1786089461.7627122,35.7033962843,31.857599890774388,0.00305983998806,0.6914128253560581,0.25
1786089461.860055,40.1123000803,34.044286194267286,0.00324122592626,0.9074238476068174,0.25
1786089461.9537077,21.1774803464,21.502196612286788,0.00205093500422,0.8870380653725329,0.25
1786089462.0614254,16.3748717898,18.37560845585094,0.00174336785518,0.7890821492076444,0.25
1786089462.151927,25.8221259517,23.807790212987022,0.00221598322607,0.9179468531093666,0.25
1786089462.2373602,9.93467641124,11.611988674281227,0.00122970425601,0.6108643185753113,0.25
1786089462.3253965,1.21343910148,2.2810168977190375,0.000721025435992,0.26878365447932134,0.25
1786089462.4187155,-5.08502273937,-6.866807907394056,1.30816019612e-06,-0.08565277175272279,0.25
1786089462.5074563,-0.434264330102,-2.6952995980169328,0.000456806458702,-0.06956749101139612,0.25
1786089462.591564,4.38720869056,2.614699561731831,0.000865364422817,0.0824296869587115,0.25
1786089462.6748903,3.80416239862,2.1997850236758802,0.00073585688476,0.11210918240001316,0.25
1786089462.7610958,2.43493796525,4.736565825337064,0.000906036115573,0.1858325029165115,0.25
1786089462.8445625,5.18526979388,5.2452124866494705,0.000696051124997,0.21414970746413348,0.25
1786089462.9375906,5.86702786243,5.5701540311676805,0.000469394650072,0.22135397347317204,0.25
1786089463.0242682,1.49498665453,-0.3383479502106293,-1.14255115235e-05,0.059821397333893384,0.25
1786089463.1108863,-7.2636074624,-4.824809051973805,-0.000596785457686,-0.12889987459923796,0.25
1786089463.1960828,-10.7387233875,-8.11305392295606,-0.000961046416988,-0.2819965327373562,0.25
1786089463.282184,-22.427845174,-12.72180809449473,-0.00125504531842,-0.4620859874261492,0.25
1786089463.3759732,-14.3833273135,-3.2086734283001754,-0.000590199335036,-0.25604628626724824,0.25
1786089463.4599707,-2.28509891968,8.877164417123304,0.00038401323947,0.14399808284105747,0.25
1786089463.5584252,14.2599024545,25.758464727197328,0.00191980957795,0.7431994248523172,0.25
1786089463.643232,20.4443835974,33.641687622339596,0.00286189264519,0.9229598274556952,0.25
1786089463.7250664,28.0088406466,38.4837279391517,0.00353912263234,0.9768879482367085,0.25
1786089463.809713,29.5616173018,39.818236108265005,0.00374705652014,0.9930663844710126,0.25
1786089463.8894026,25.2755586018,35.40290499626157,0.00320571710563,0.9979199153413036,0.25
1786089463.9753513,21.7043361632,35.55849780768437,0.00323471544005,0.999375974602391,0.25
1786089464.0607877,25.5452701121,37.375889349430864,0.00331981279662,0.9998127923807172,0.25
1786089464.1528935,13.9713076535,33.91650065383831,0.00300636666375,0.9999438377142151,0.25
1786089464.2354946,23.0380827707,44.76381452274979,0.00449753099427,0.9999831513142645,0.25
1786089464.3198047,30.3535207855,48.2416767877472,0.00506435777023,0.9999949453942794,0.25
1786089464.4053159,32.5543262983,49.66509512615645,0.00529862734128,0.9999984836182838,0.25
1786089464.4871044,26.7506522722,47.56578763874022,0.00495289659931,0.999999545085485,0.25
1786089464.5742028,18.4815478929,43.729102249186475,0.00438888135058,0.9999998635256455,0.25
1786089464.6593542,13.4526045179,42.672303150504945,0.00428076035811,0.9999999590576936,0.25
1786089464.743882,6.15551888658,41.812596250280066,0.00416627840049,0.999999987717308,0.25
1786089464.8267221,4.79132135043,43.279336117194504,0.00446350429764,0.9999999963151924,0.25
1786089464.9078531,4.89510877569,44.00368753039528,0.00455388644013,0.9999999988945576,0.25
1786089465.0033638,-0.0324259832744,43.29115952667455,0.00442500798446,0.9999999996683673,0.25
1786089465.085101,2.13119736775,45.57211196609838,0.00472063369916,0.9999999999005101,0.25
1786089465.1683059,-0.316123965388,41.109884439998275,0.00402303662186,0.999999999970153,0.25
1786089465.2534397,14.7784773525,42.895203759238974,0.00419915882786,0.9999999999910458,0.25
1786089465.335331,7.8213566491,40.475753884226684,0.003824249029,0.9999999999973137,0.25
1786089465.4212987,4.86999170034,37.02571546634168,0.00315860289135,0.999999999999194,0.25
1786089465.505261,8.06036067956,38.41205966961475,0.00320722969749,0.9999999999997582,0.25
1786089465.5872416,5.46175550241,37.14778252591098,0.0029292903421,0.9999999999999274,0.25
1786089465.6706803,-1.36367877284,26.579693443393584,0.00163814761406,0.9885693119640866,0.25
1786089465.760835,7.26921035951,26.687800313809923,0.00167862750719,0.9965707935892258,0.25
1786089465.8401895,-19.6683935953,8.276350855135101,0.000237272613018,0.47857385659850904,0.25
1786089465.9233716,-30.186167838,-2.5197587066401623,-0.000838195035477,0.012616279170499622,0.25
1786089466.0065114,-31.2606323289,-2.969943098999578,-0.00103574090321,-0.1474106779165626,0.25
1786089466.0863163,-15.0017879277,16.57694324989558,0.00068882981801,0.353986866939395,0.25
1786089466.170426,-15.3318366242,17.25497823550142,0.000722580911781,0.5212730666873371,0.25
1786089466.2601,-8.26216116661,26.15658879099102,0.00163507021824,0.8266473465298709,0.25
1786089466.34276,-16.7469880089,21.707473974271092,0.00120749161728,0.7859851197732795,0.25
1786089466.4283354,-6.34134304937,28.265317675985383,0.00197481597406,0.9357955359319838,0.25
1786089466.511905,-2.48864057208,29.063531071409862,0.00194821566668,0.9807386607795952,0.25
1786089466.6110706,19.1001365325,39.703873541789505,0.00309180326733,0.9942215982338785,0.25
1786089466.693354,20.8458875833,39.49863389046154,0.00292759337193,0.9982664794701634,0.25
1786089466.7767136,26.0007291725,44.13508784123025,0.00360645574844,0.999479943841049,0.25
1786089466.876158,24.3440159664,43.443983888290845,0.00323329566692,0.9998439831523147,0.25
1786089466.958387,4.751738915,33.40705644334623,0.00223581369556,0.9999531949456943,0.25
1786089467.0510254,6.42902611168,31.475449244148514,0.00199180555149,0.9999859584837083,0.25
1786089467.1438396,2.05456581606,29.42669317019934,0.00165343638096,0.9999957875451124,0.25
1786089467.2236583,0.528554377386,28.212535968508053,0.0011734096779,0.9999987362635336,0.25
1786089467.3007839,1.95648780613,33.88697711810779,0.00192838988167,0.99999962087906,0.25
1786089467.3850906,2.88800942151,35.50040627085158,0.00234494009009,0.9999998862637179,0.25
1786089467.4680583,5.31334205579,36.32271753506574,0.00219984839757,0.9999999658791153,0.25
1786089467.5557911,13.6531304681,34.30582161604013,0.0013230028038,0.9999999897637346,0.25
1786089467.6358974,10.2278778545,32.404901809217925,0.000781037293677,0.9999999969291203,0.25
1786089467.7202322,6.1032552824,29.762285950379255,0.000383694512728,0.999999999078736,0.25
1786089467.8112955,-3.91287500349,24.73918092219535,-0.000193660833361,0.8642546895905305,0.25
1786089467.894363,-16.8910119992,18.618075519290468,-0.000538316641141,0.6503489114146863,0.25
1786089467.9884236,-29.6978866292,10.324561070640135,-0.00106182807277,0.3548783327381953,0.25
1786089468.0765612,-18.4593827941,15.654223011970501,-0.000730352171861,0.4182808084865885,0.25
1786089468.1634529,-6.334222506,20.220644392979644,-0.000539309360636,0.5666081303964877,0.25
1786089468.2481072,-13.1988701544,11.30979226688003,-0.00104092395364,0.3734821568538542,0.25
1786089468.3470898,-10.2845572339,10.713529301120525,-0.00111558365475,0.3019474973299878,0.25
1786089468.4329903,-20.5577245294,8.742648889630964,-0.00119065247593,0.21893442717305045,0.25
1786089468.5264177,-21.2665881713,8.126017584497347,-0.00123276170122,0.17699106785784757,0.25
1786089468.6261358,-4.78786222389,13.602213567484316,-0.000959381873025,0.32369124538817673,0.25
1786089468.715787,-4.8958594155,15.881638590563567,-0.000809122617039,0.42718100495982503,0.25
1786089468.800534,0.992311078904,23.109411700369932,-0.000428832030006,0.650223220728566,0.25
1786089468.8947499,3.61953811698,32.16669604757955,0.000451143320539,0.8950669662185697,0.25
1786089468.983025,1.71091767361,32.62989775423293,0.000528023826408,0.9685200898655708,0.25
1786089469.0719144,-6.25832887994,28.335191153212893,0.00018420475308,0.9520608187696691,0.25
1786089469.1581697,8.67936544585,35.51757131457444,0.000865498124715,0.9856182456309006,0.25
1786089469.2523055,0.915832617853,31.50939447842361,0.000652665630391,0.9956854736892702,0.25
1786089469.336355,-13.0043053329,26.777752171422108,0.000448563636038,0.9270622610468213,0.25
1786089469.4216685,-13.8040515003,27.082867294336392,0.000446871687351,0.9125601583577383,0.25
1786089469.5139484,-16.6459585305,20.310336362832263,-0.000104138905539,0.7231936533516551,0.25
1786089469.5983233,7.05532241029,29.54573240676497,0.000493298353165,0.9169580960054965,0.25
1786089469.6860948,12.0668218204,33.80328417076211,0.000995874325222,0.9750874288016489,0.25
1786089469.7713735,7.3023143417,32.876795787070975,0.00106108933216,0.9925262286404946,0.25
1786089469.8593442,-5.83603661212,25.819041968093302,0.000687674635054,0.922594817320537,0.25
1786089469.9377568,6.11282235856,32.956096470773176,0.00151811303687,0.9767784451961611,0.25
1786089470.0211134,-3.12330821719,28.838402835728328,0.00111169187757,0.9930335335588483,0.25
1786089470.115483,-0.552694867263,28.38222246400043,0.00113020197223,0.9979100600676545,0.25
1786089470.19475,23.715222291,33.90907341725128,0.00145412715284,0.9993730180202962,0.25
1786089470.2742105,21.577331775,30.780086876266424,0.00119545480479,0.9998119054060888,0.25
1786089470.3556745,37.2062381029,35.68121039558802,0.00180521233361,0.9999435716218266,0.25
1786089470.4492927,58.4378502237,40.27871174254742,0.00196643706647,0.9999830714865479,0.25
1786089470.526219,53.1838623511,31.16904324084558,0.000960608617729,0.9999949214459642,0.25
1786089470.6030986,41.7912163801,25.17141095996737,0.000534932247767,0.960473994761259,0.25
1786089470.678855,24.7124288362,9.876146336850507,-0.000481403800673,0.527721752611613,0.25
1786089470.757252,31.7665272721,21.75936213649529,0.000507081880557,0.7259379031281518,0.25
1786089470.832868,26.5574979271,8.754999774584526,-0.000774039722642,0.42090559272123984,0.25
1786089470.9068434,27.8237522798,6.854025277855845,-0.000726947091033,0.28857598868729395,0.25
1786089470.9889514,28.007917391,6.858680529466158,-0.000530881321278,0.25759161644314416,0.25
1786089471.062822,43.8262672397,18.920870595036273,0.000448485009765,0.5906546593055872,0.25
1786089471.1455445,52.7688187595,18.417342313934125,0.0004247985326,0.6885508797140739,0.25
1786089471.2142813,72.3496321547,29.022953618648877,0.00143500784336,0.9065652639142221,0.25
1786089471.284636,76.9605550102,31.582801656091423,0.00183010043925,0.9719695791742666,0.25
1786089471.3552015,85.7987645122,30.88398079843405,0.00206952520688,0.9915908737522799,0.25
1786089471.4264398,112.845074725,41.89352165348219,0.00303932063106,0.997477262125684,0.25
1786089471.4976137,110.094523045,41.28733803222258,0.00333209648655,0.9992431786377052,0.25
1786089471.5674317,134.085973061,43.767767601884714,0.00352994760578,0.9997729535913116,0.25
1786089471.638862,112.67635306,30.464590251522942,0.00229213919134,0.9999318860773934,0.25
1786089471.7074926,83.4562887064,2.0159306685756246,0.000336120828211,0.46162428482196827,0.25
1786089471.785923,100.413965225,3.537035895517035,0.000735154145592,0.3729547502025744,0.25
1786089471.8574107,100.031971883,-2.4605195917497524,0.000236431676039,0.1846248554504098,0.25
1786089471.9325697,133.721177517,10.177489070857103,0.000877466265687,0.49051582032391616,0.25
1786089472.014343,142.434696313,10.797950103786384,0.000880830608653,0.6072290594992071,0.25
1786089472.0817273,133.1981344,8.653833833755936,0.000665115428385,0.5720457614373589,0.25
1786089472.1527739,136.994487994,18.921047750665092,0.00145888128914,0.8394773558368722,0.25
1786089472.2205591,145.364876741,22.52642474426629,0.00158123996026,0.9518432067510616,0.25
1786089472.291101,148.879404625,25.025380028888822,0.00163942670055,0.9855529620253185,0.25
1786089472.362064,144.857653968,24.278580313547835,0.00162575812829,0.9956658886075955,0.25
1786089472.4316733,145.360901156,28.21724322412039,0.00215688845444,0.9986997665822785,0.25
1786089472.5038347,151.129107898,27.415861763130657,0.00213654912483,0.9996099299746835,0.25
1786089472.571817,156.117432149,27.948582567382783,0.00236463440962,0.999882978992405,0.25
1786089472.6423087,168.430857128,36.60158893560023,0.00323494710233,0.9999648936977215,0.25
1786089472.7116868,180.302024778,43.027183301003014,0.00420511477788,0.9999894681093164,0.25
1786089472.7808719,202.946636226,49.458773742521515,0.00510702801816,0.9999968404327948,0.25
1786089472.8664641,206.550077479,50.32308745227102,0.0052892044617,0.9999990521298383,0.25
1786089472.9521754,183.516541863,39.60634526857581,0.00371785921855,0.9999997156389515,0.25
1786089473.027065,164.294747487,33.75103655297693,0.00317270264584,0.9999999146916854,0.25
1786089473.09759,171.895852479,12.929054259358812,0.001340190544,0.8641775584884963,0.25
1786089473.172492,157.351898971,34.13086887762026,0.0028625540538,0.9592532675465488,0.25
1786089473.2489302,169.721455026,41.634873049862314,0.00380540584845,0.9877759802639645,0.25
1786089473.32756,183.105540778,49.94519891117654,0.00517273868651,0.9963327940791893,0.25
1786089473.403464,195.631057675,54.576747131420845,0.00604471199904,0.9988998382237567,0.25
1786089473.4924147,200.590338737,52.62595205313814,0.00585243730001,0.999669951467127,0.25
1786089473.5661795,175.237718674,36.012065180828365,0.00328456461445,0.9999009854401381,0.25
1786089473.6402695,184.80477911,38.60814256197874,0.00363240235637,0.9999702956320413,0.25
1786089473.7144082,198.711886981,45.24882106189952,0.00452616747843,0.9999910886896124,0.25
1786089473.7883854,175.633526926,38.011716642435424,0.00390380603847,0.9999973266068837,0.25
1786089473.8605669,186.296748994,42.174136928831516,0.00434214558219,0.999999197982065,0.25
1786089473.9326928,189.421515501,47.84345550290397,0.00510849241795,0.9999997593946195,0.25
1786089474.0169582,208.095103917,53.94718810185037,0.00610516353008,0.9999999278183858,0.25
1786089474.0921462,220.03355024,58.161100019414036,0.00698036830524,0.9999999783455157,0.25
1786089474.163555,208.109933475,55.919107237818054,0.00637296464707,0.9999999935036546,0.25
1786089474.2446053,215.592068604,58.615250609484875,0.00705252984699,0.9999999980510963,0.25
1786089474.31552,192.861281271,54.82299387032666,0.00634423897258,0.9999999994153288,0.25
1786089474.395406,201.218966155,60.223355190549526,0.00758313711741,0.9999999998245985,0.25
1786089474.464935,201.689121047,61.55909532053841,0.00796297248661,0.9999999999473794,0.25
1786089474.535449,176.499712783,57.48039045087182,0.00658921102621,0.9999999999842137,0.25
1786089474.6055925,195.730941606,61.63370962802185,0.00750778697422,0.999999999995264,0.25
1786089474.6791718,182.84040452,60.4691975694753,0.00703677912744,0.9999999999985791,0.25
1786089474.7514057,179.276496961,59.855924082772376,0.00710779993389,0.9999999999995737,0.25
1786089474.819905,144.253348415,49.77003812256768,0.00527053142952,0.9999999999998721,0.25
1786089474.9008586,120.95483912,42.76732238058737,0.00435600624138,0.9999999999999616,0.25
1786089474.98157,80.9769853171,22.440288838856226,0.00271812261309,0.9999999999999885,0.25
1786089475.0716672,72.6428534919,18.420659972740612,0.00243631728087,0.9211132110637013,0.25
1786089475.1478152,69.7679113093,18.928269652182873,0.00235278752212,0.9022937744568302,0.25
1786089475.2226868,69.6714594079,22.877495686288757,0.00243061259787,0.9706881323370491,0.25
1786089475.3045857,68.7533627617,20.739180671508176,0.00217522383486,0.9506482073911284,0.25
1786089475.390665,81.0582338619,29.36885924677783,0.00280672252292,0.9851944622173385,0.25
1786089475.4666348,73.6845772778,27.679646747271228,0.002068203593,0.9955583386652015,0.25
1786089475.5475197,62.0401093443,21.932333391661274,0.00103665976638,0.929324809114961,0.25
1786089475.6209006,51.7657663311,16.935329306821217,0.000641681923882,0.763643119420847,0.25
1786089475.7000425,50.1547812482,13.642310211191921,0.000174634465562,0.6151903067045664,0.25
1786089475.7759058,42.602860265,9.039910898571282,7.08238860789e-05,0.44975339493474376,0.25
1786089475.8568518,34.7253972443,1.9495414521535464,-0.000586619774098,0.19709057176113762,0.25
1786089475.940993,35.8919285018,5.974357586758671,-0.000230001923511,0.2318599136789895,0.25
1786089476.020037,36.5415362922,9.371323862204529,-1.79444673093e-05,0.3314058689688465,0.25
1786089476.1011262,43.0788988182,15.020349786469051,0.000277601276628,0.5135793674936346,0.25
1786089476.1867747,62.9038321567,24.75873751528883,0.00100167031759,0.8502212257168721,0.25
1786089476.26422,50.6989189684,19.0060322191817,0.000710927146965,0.7899085075919203,0.25
1786089476.3439016,63.0367125942,27.496911995377314,0.00166041680515,0.936972552277576,0.25
1786089476.4237022,50.7857032503,22.462026742765833,0.00128919271125,0.9213906608202718,0.25
1786089476.5022633,32.3609834734,13.997505947232932,0.000608883424951,0.6679970237209151,0.25
1786089476.5847197,-8.7806428518,-9.127921895838252,-0.000867645438724,-0.06025956121417131,0.25
1786089476.6639514,-13.2265574015,-11.621066711618251,-0.000822898866504,-0.34034586247508747,0.25
1786089476.7511532,-28.6915253321,-29.419850849691787,-0.00238575965534,-0.8021037587425262,0.25
1786089476.8252888,-14.7479446971,-15.688364907364372,-0.00174773381969,-0.6991285535312441,0.25
1786089476.902031,-12.16673246,-5.372574956236259,-0.000676142466537,-0.37865865017159844,0.25
1786089476.9779146,54.5791551691,5.791726953961548,-0.000808094750333,0.052596941831039426,0.25
1786089477.0504491,68.5078313381,4.231379462576732,-0.00111560848085,0.1491300369010124,0.25
1786089477.1271298,72.9036890428,-1.964179884826928,-0.0012970468103,0.031044206904977577,0.25
1786089477.1953635,63.4558591729,-10.26012726346421,-0.00170607267331,-0.22673659479951477,0.25
1786089477.2660286,87.1362112765,13.44385217689826,0.000495466364776,0.37149273889286905,0.25
1786089477.3405192,101.687718996,18.41582949181499,0.00094220765721,0.7034586767674693,0.25
1786089477.4081147,115.733005683,22.032486799679933,0.00126047740719,0.9110376030302407,0.25
1786089477.4728673,155.356409634,39.47898880014912,0.00336118842956,0.9733112809090722,0.25
1786089477.5392082,165.123125411,45.864782136124575,0.00439763793233,0.9919933842727215,0.25
1786089477.6078296,154.393364377,44.13681626361786,0.00430049603461,0.9975980152818165,0.25
1786089477.6867414,158.331191717,44.828938056667816,0.00432083243721,0.9992794045845449,0.25
1786089477.7528763,156.099782708,38.570606722987044,0.0031399733445,0.9997838213753634,0.25
1786089477.8200788,154.186455696,44.5507551621323,0.00452826875206,0.9999351464126089,0.25
1786089477.8885105,148.440885971,43.8844308753142,0.00433378863473,0.9999805439237825,0.25
1786089477.957517,124.91851332,40.32787925799299,0.00379540976227,0.9999941631771347,0.25
1786089478.026433,56.5414789301,-7.146542695038737,-0.000653561621524,0.17326245917822142,0.25
1786089478.0967782,23.2661867414,-37.540016313107266,-0.00386949265905,-0.6480212622465336,0.25
1786089478.1660957,4.6283551585,-36.542890512448025,-0.00371631365866,-0.89440637867396,0.25
1786089478.234809,20.116870086,-30.06322776758445,-0.00310715970085,-0.9683219136021879,0.25
1786089478.3046734,26.4684227526,-21.985856097152585,-0.00223840127185,-0.8672562334460234,0.25
1786089478.3724048,9.64644813104,-20.79735892823061,-0.00145421632504,-0.7960099136172183,0.25
1786089478.439421,54.5276627431,-14.64711053060125,-0.00136868044569,-0.5735290900995673,0.25
1786089478.5103383,58.6823934385,-25.962132099890468,-0.00250963442647,-0.8144343930571647,0.25
1786089478.5817358,145.622219958,33.50124485914802,0.00152565815908,0.4556696820828505,0.25
1786089478.665525,158.722365807,42.55987385998405,0.00302004300367,0.8367009046248551,0.25
1786089478.7393177,137.420677788,40.68734519443291,0.00330530318262,0.9510102713874564,0.25
1786089478.8135626,86.4591806978,19.999101363778315,0.00123809461328,0.9087072984540541,0.25
1786089478.8906448,43.2559316578,25.47980036741481,0.00219808691273,0.9726121895362161,0.25
1786089478.9689891,35.7627484454,27.55394843147356,0.00238726222534,0.9917836568608648,0.25
1786089479.0566912,4.97962888561,14.78419239123962,0.00125822726553,0.7022900632752747,0.25
1786089479.1395457,12.834908788,6.290021295992356,0.000469118081936,0.3929643662403427,0.25
1786089479.2227101,28.8875862014,24.154706829534298,0.00178319866732,0.7924532941931677,0.25
1786089479.3043365,22.5831169086,23.12957359910088,0.00162972447384,0.8742524525512009,0.25
1786089479.3865154,46.9223559984,32.641635641573316,0.00219789953874,0.9622757357653602,0.25
1786089479.4733107,45.6721088922,33.79508351464745,0.00237046765564,0.9886827207296081,0.25
1786089479.5625002,49.789384167,34.711788047818494,0.00212393655072,0.9966048162188823,0.25
1786089479.64491,22.5281155342,19.645128417003676,0.000760778293285,0.8170104594072166,0.25
1786089479.7284992,-0.115608343306,9.544233170764485,-0.000135879173726,0.4618498207947852,0.25
1786089479.816266,7.79225931824,14.859540810733606,-7.3333392263e-05,0.4915158874597509,0.25
1786089479.8972175,49.1156684981,43.90699088302173,0.00302819779535,0.8474547662379253,0.25
1786089479.9792306,57.1332219191,46.43448720339808,0.00326530526681,0.9542364298713775,0.25
1786089480.0785174,52.4147764477,47.223435217372966,0.00339728399525,0.9862709289614131,0.25
1786089480.1737628,20.3671624222,38.121588069511276,0.00239502170404,0.9958812786884239,0.25
1786089480.258815,7.22273759119,37.146854571717576,0.00295274918889,0.9987643836065272,0.25
1786089480.3518677,-9.09289290527,28.89673300277481,0.00211879213052,0.9996293150819582,0.25
1786089480.4308152,-40.2317520453,8.807397902948134,0.000620540962359,0.48355236299716686,0.25
1786089480.5100405,-60.0702423561,-4.844029227777631,-0.000226996985747,-0.04987949645470394,0.25
1786089480.5906065,-40.1203622751,-16.711604988298706,-0.00184837962571,-0.5321368385532194,0.25
1786089480.66638,-32.6189424835,-6.993767877352234,-0.00114082430274,-0.4108489499882876,0.25
1786089480.7438056,-56.2609894932,-11.496509714924809,-0.00133027885197,-0.5160187957208051,0.25
1786089480.8231404,-78.1993785738,-25.519168525295516,-0.00256984799239,-0.8548056387162415,0.25
1786089480.9042728,-69.4329725918,-21.540575439933026,-0.00234474670985,-0.9426118170886506,0.25
1786089481.0038288,-47.1749989458,-18.759340323175085,-0.00225431167976,-0.8735035084134397,0.25
1786089481.0844555,-30.1136240676,2.4664257773760263,-0.000794517339146,-0.274708110123932,0.25
1786089481.1763399,-52.0319828655,-7.052528331129942,-0.0012301565909,-0.36213118217699064,0.25
1786089481.2598715,-28.3256310052,18.76056579550322,0.000801953221107,0.3293335506158861,0.25
1786089481.3421993,-11.188659851,37.38573369171266,0.00331022135636,0.7988000651847658,0.25
1786089481.4298222,-29.3093098044,40.46805455172172,0.00412344529251,0.9396400195554296,0.25
1786089481.5131874,-39.0586324653,38.61930394459517,0.00401365921344,0.9818920058666288,0.25
1786089481.58931,-52.81128611,31.03270562130905,0.00327886408709,0.9945676017599886,0.25
1786089481.6690056,-38.9036037465,32.18494293470106,0.00327209092411,0.9983702805279966,0.25
1786089481.752507,-29.7481454043,31.50695564256179,0.00305057693827,0.999511084158399,0.25
1786089481.8341942,-28.7010061927,27.6553967818655,0.00233596327629,0.9998533252475197,0.25
1786089481.916333,-37.9912480627,26.641564850420103,0.00240784799204,0.9787054620156397,0.25
1786089481.9999645,-43.5268109803,23.423415601871692,0.00206749016181,0.8761330859029883,0.25
1786089482.0781586,-64.5244604613,14.025764164869653,0.00138117767934,0.5716078119797294,0.25
1786089482.1578245,-65.1443399159,11.789434749179174,0.00114578871117,0.41727223711651973,0.25
1786089482.2399266,-68.9858510644,-1.1091469593946324,-8.22560565947e-05,0.012884449386568603,0.25
1786089482.3228586,-71.5735391298,-2.54519808243014,-0.000215749760013,-0.15075170927242482,0.25
1786089482.4073436,-71.3528647007,-3.9133071196305664,-0.000333663194983,-0.2365447179850766,0.25
1786089482.4990942,-74.3434059671,-7.792635391049955,-0.000810653782706,-0.3767819588567308,0.25
1786089482.5841525,-66.7769402441,-10.973608180674095,-0.00151507568053,-0.5141012031674457,0.25
1786089482.667134,-76.5488566883,-12.090293911176111,-0.00157808428359,-0.5957508512267622,0.25
1786089482.7513137,-73.2732846678,-18.850470522756453,-0.00235183761785,-0.8070296432585753,0.25
1786089482.8290174,-54.4167663339,-1.8565032369033236,-0.00147578879034,-0.41393852479089466,0.25
1786089482.904835,-46.5654711739,1.0979770512338418,-0.00138467659282,-0.2137563474331413,0.25
1786089482.9930568,-28.6502433377,11.50587761975587,-0.00101457432178,0.12648980208953742,0.25
1786089483.0653708,-24.4037228038,14.688731136869317,-0.000999495176807,0.30858120335753564,0.25
1786089483.14294,-8.09158957277,22.02554604545076,-0.000759700893188,0.564273799620084,0.25
1786089483.2180169,13.9335429411,48.05662276749095,0.00114712932461,0.8692821398860251,0.25
1786089483.3002548,-7.73887152466,29.91612516073098,-0.000453179095838,0.9301301872920196,0.25
1786089483.385222,-25.138022325,-3.464830069893796,-0.00149431814967,0.10407228614787861,0.25
1786089483.4670532,-41.282331001,-20.530075144067755,-0.00181057633803,-0.5748334284660993,0.25
1786089483.5503423,-39.7464888607,-25.626957725567006,-0.00179585834242,-0.8724500285398298,0.25
1786089483.634037,-32.2269560521,-27.026762033598263,-0.00163124347537,-0.9617350085619489,0.25
1786089483.7157798,-37.0836280005,-34.26078358577282,-0.00161285924957,-0.9885205025685846,0.25
1786089483.8098357,-21.2196500142,-9.270460458238817,-0.00157590405869,-0.6057569656384202,0.25
1786089483.8869724,7.9767871205,37.071042703674166,0.00110612883522,0.5182729103084739,0.25
1786089483.965318,19.4744018792,52.8057407535597,0.00592373794088,0.8554818730925421,0.25
1786089484.0422816,-4.65869672921,47.00642407453531,0.00343168337892,0.9566445619277626,0.25
1786089484.1168256,-25.9731983911,38.2032724421844,0.00249162848692,0.9869933685783288,0.25
1786089484.2052813,-76.2975728943,-4.791793918102456,0.00131355974018,0.1487934017044591,0.25
1786089484.2811003,-90.2606489449,-25.632423214712347,0.000788481874461,-0.6280917749816627,0.25
1786089484.3623593,-86.6372902963,-32.79927251257086,-5.10746159608e-05,-0.8884275324944988,0.25
1786089484.4326334,-96.6713607743,-24.750982180900188,9.31124950183e-05,-0.9560916698093327,0.25
1786089484.508564,-48.1820311419,19.25085758775527,0.00238892373357,0.2064241020803116,0.25
1786089484.584528,-31.5782359078,42.06219011316142,0.00355571726944,0.7619272306240934,0.25
1786089484.649258,-18.6906872929,38.16648194178451,0.00396595797893,0.9285781691872279,0.25
1786089484.7101746,9.27594842846,46.529457473493196,0.00482123162914,0.9785734507561683,0.25
1786089484.7792933,5.819531251,37.17401970146292,0.00333162135549,0.9935720352268504,0.25
1786089484.8469567,11.1375044919,25.947229945525578,0.00136950673519,0.9754584950919949,0.25
1786089484.9094136,-66.1503799995,-25.26338956487415,-0.00273544560271,-0.4073624514724015,0.25
1786089484.9801164,-91.2915164834,-50.01543482963675,-0.00511630845493,-0.8222087354417205,0.25
1786089485.0527084,-170.519611475,-69.43073191037506,-0.00935477610102,-0.946662620632516,0.25
1786089485.112224,-159.898377106,-64.5714198599414,-0.00902761307793,-0.9839987861897548,0.25
1786089485.1868372,-189.183129509,-71.22625892607117,-0.0101937999444,-0.9951996358569264,0.25
1786089485.2528994,-235.210376056,-71.03400343203106,-0.0119248998179,-0.9985598907570779,0.25
1786089485.3092184,-214.390291975,-75.73414719456918,-0.0092091245652,-0.9995679672271234,0.25
1786089485.3834522,-177.13626725,-76.05792610366355,-0.00672104576375,-0.999870390168137,0.25
1786089485.454171,-158.651128243,-73.4527175496091,-0.00697086482752,-0.999961117050441,0.25
1786089485.5189486,-117.021944652,-70.45253303920094,-0.00478603135441,-0.9999883351151322,0.25
1786089485.5820553,-57.3256846137,-62.17208307289865,-0.00389635710121,-0.9999965005345396,0.25
1786089485.6532822,62.3454454222,-23.335226444484718,-0.00215429014483,-0.8615681760632632,0.25
1786089485.718082,79.6889524583,-2.783788889391893,-0.0015295284982,-0.2930891175674558,0.25
1786089485.784875,37.8170021387,-23.63787264520114,-0.00235131401788,-0.6943948312402793,0.25
1786089485.8541522,92.5172813126,16.83599505954036,-0.00101502981293,0.2521745082211996,0.25
1786089485.91793,200.031742726,63.82890717437003,0.00523967662909,0.7756523524663599,0.25
1786089485.9831424,180.385511847,65.88344341493028,0.00844502215943,0.9326957057399079,0.25
1786089486.0512435,140.504285903,64.36559121067211,0.00899703505993,0.9798087117219723,0.25
1786089486.120558,87.0135269595,58.87737019289587,0.00645267358173,0.9939426135165916,0.25
1786089486.1919355,52.3129381552,55.27848187190575,0.00536404301161,0.9981827840549775,0.25
1786089486.2638621,42.2331691665,51.07963403732661,0.00439648497847,0.9994548352164931,0.25
1786089486.338582,88.636399847,55.83209923253984,0.00532166054993,0.999836450564948,0.25
1786089486.4140458,119.69564525,59.85781741362724,0.00678825397002,0.9999509351694844,0.25
1786089486.4987288,97.9492321453,59.531248787385834,0.00708938633359,0.9999852805508453,0.25
1786089486.5824795,127.089824462,65.41682315667792,0.0067615494019,0.9999955841652535,0.25
1786089486.6741624,119.980347801,64.31795663501806,0.00643910696889,0.999998675249576,0.25
1786089487.378378,103.40801205,62.98900649964606,0.00560998962023,0.9999996025748727,0.25
